DENOMINAZIONE CORRENTE,Acquisizioni di cittadinanza,Affollamento negli istituti di pena,Amministratori comunali under 40,Anni di studio,Assorbimento del mercato residenziale,Aziende agrituristiche,Banda ultra larga (Fttc),Banda ultra larga (Ftth),Bar,Beneficiari di reddito di cittadinanza,Canoni medi di locazione,Capacità di riscossione dei Comuni,Casi Covid-19,Debiti - Esposizione media residua,Delitti informatici,Denunce di scomparsa di under 18,Depositi bancari,Emigrazione ospedaliera,Energia elettrica da fonti rinnovabili,Esposti per inquinamento acustico ,Estorsioni,Farmaci per depressione,Farmaci per malattie croniche,Farmacie ,Formazione continua,Furti di autovetture,Furti in abitazione,Giovani Neet,Home e corporate banking,ICityRank ,Imprenditorialità giovanile,Imprese cessate,Imprese che fanno ecommerce,Imprese straniere ,Indice del clima,Indice di criminalità,Indice di dipendenza anziani ,Indice di lettura ,Indice di litigiosità,Indice di sportività ,Infortuni sul lavoro,Laureati e altri titoli terziari,Librerie ,Medici di medicina generale,Medici specialisti,Mortalità per incidenti stradali,Numero di ore Cig autorizzate ,Nuove imprese iscritte,Offerta culturale ,Offerta del trasporto pubblico,Pagamenti oltre i 30 giorni,"Palestre, piscine, terme",Patrimonio museale,Persone con almeno il diploma,Piste ciclabili,Popolazione con finanziamenti attivi,Pos attivi,Posti letto nelle strutture ricettive ,Prezzo medio di vendita delle case,Qualità dell'aria,Qualità della vita degli anziani,Qualità della vita dei bambini,Qualità della vita dei giovani,Qualità della vita delle donne,Qualità delle strutture ricettive  ,Quota cause pendenti ultratriennali,Quota di export sul Pil,Quoziente di natalità,Raccolta differenziata  ,Rapine ,Reati legati agli stupefacenti,Reddito medio da pensione di vecchiaia,Retribuzione media annua,Riciclaggio e impiego di denaro,Riqualificazioni energetiche,Ristoranti ,Saldo migratorio totale,Spazio abitativo,Speranza di vita alla nascita ,Spesa dei Comuni per la cultura,Spesa delle famiglie ,Spesa sociale dei Comuni,Sport e Covid,Start up innovative ,Tasso di ingresso in sofferenza,Tasso di motorizzazione,Tasso di occupazione ,Truffe e frodi informatiche,Valore aggiunto per abitante ,Verde storico
Agrigento,0.848121086,98.3,36.52291105,9.989881656,78.3,1.5,74.47387623,14.37415305,2.224619921,43.36579754,350.0,80.6,34.81029994,19513.67594,13.27,42.63582077,12210.64102,9.2,646.3021362,1.727622964,11.41,15.75331728,221.9243248,3.477457264,5.2,36.78,109.17,32.5,442.5374005,232.75,0.115053685,2.629729271,0.015251154,0.083133377,668.876155,2413.3,35.576,4.585479949,3022.506671,0.239947826,12.6,22.7,7.621824141,10.17037159,21.0,0.3,12.12646938,3.892484064,10.9682813,14.0,0.197017844,0.762182414,1.38,58.9,1.390116708,0.326979115,37.85426596,6.030818593,900.0,19.58056686,270.8250396,369.1714009,462.9269226,350.4436081,3.670235546,14.7645586,2.849268318,7.2,0.721471561,12.57,49.58,17658.64,14037.3,0.93,7.6,3.051111476,-3.3,84.28179679,81.2,3.57850356,1562.0,56.13651557,-0.3071394,1.554806945,0.9,75.89615488,43.7,327.51,14.19164673,0.0
Alessandria,1.311076863,103.9,18.64476386,10.29275202,62.1,6.6,52.55772117,13.52057446,2.850054136,18.21704109,460.0,82.6,36.68412952,29996.13982,23.39,12.22665548,21129.08997,13.0,776.8160804,19.34786932,9.07,23.59461014,215.4631581,4.563970849,5.3,39.14,242.7,27.9,621.9065745,542.625,0.069678863,3.468469541,0.035878364,0.10976742,417.6678151,2718.4,45.7454,21.39579823,2528.616218,0.753925093,11.6,21.6,8.49675424,8.253989833,27.0,1.0,165.4555193,3.944580665,23.40491646,16.66163287,0.130562491,1.747903729,0.31,60.8,0.0,0.450037806,52.79154791,3.373904865,1350.0,69.79438852,393.9898592,375.2580687,492.3051932,487.4014149,3.151485149,13.49083683,49.24413163,5.4,0.457249141,19.57,39.14,19252.99,22953.9,2.39,81.8,3.617189662,0.5,91.71969778,80.2,3.337410282,2668.0,23.61476796,-0.763973432,4.709576138,0.7,64.85277512,67.1,367.75,26.63449777,2.3
Ancona,5.379885815,116.9,22.54545455,11.05604091,41.8,10.1,62.19401632,28.42526983,2.010653237,10.7629085,550.0,82.9,56.18216733,33103.22198,24.27,7.008498812,21629.06136,9.2,757.4368937,9.073312364,11.5,23.13251388,217.2146453,3.010603777,8.0,25.33,146.25,20.1,647.3486258,506.125,0.06862987,3.503263283,0.042593291,0.102249535,680.7909205,2175.8,40.9651,16.99335302,3392.316377,1.000350407,14.2,35.4,10.53711322,9.67694071,40.2,0.3,254.07482,3.828470182,26.13204078,32.6411223,0.08825868,1.67733639,0.8,69.5,0.938370263,0.449775211,59.33039871,27.5950657,1700.0,54.43778111,494.4792159,467.8995418,470.9334049,611.6441965,3.106517216,11.48208469,29.01112742,6.2,0.522,10.86,51.73,19805.76,20954.5,5.11,68.7,3.84712154,1.5,68.57584034,83.2,7.992288107,2530.0,33.5620374,-1.428208212,9.632297512,0.6,62.73257457,68.8,332.73,28.7649124,2.3
Aosta,3.881909548,97.2,30.69727891,10.59044853,75.9,1.9,32.2385043,14.75829544,3.898462408,8.426490173,710.0,85.1,44.57807014,30497.34618,63.74,6.085292241,22272.3758,15.9,217.6036862,11.75001836,7.97,17.36420356,167.9358085,3.793534848,7.5,12.75,97.21,16.8,712.5872715,438.375,0.085056161,2.759238157,0.035825545,0.061533453,576.4004205,2509.9,38.7483,31.62435934,2763.276186,1.054714493,10.1,28.2,10.49275596,8.232777755,27.6,0.0,89.24401758,3.809213739,31.47826789,13.19853932,0.126234133,1.85641067,1.05,61.5,9.158120158,0.460565142,82.15020784,17.72388134,2350.0,37.19693725,541.2264165,517.2038005,492.5048516,670.5179201,3.185754578,5.438066465,14.14208045,6.2,0.696547795,9.56,35.06,20685.46,18910.0,2.39,158.9,5.641874168,-0.5,100.8777619,80.7,9.543120167,2754.0,72.06811059,-0.214986205,9.308510638,0.9,64.0,72.4,404.78,35.00194036,0.9
Arezzo,3.648032427,27.2,27.47603834,10.23362556,52.1,21.2,48.36937381,12.01873635,2.460889958,10.54115831,690.0,80.2,48.30053136,32562.70509,39.21,6.10584745,19221.51275,7.4,562.3515699,11.18215734,13.17,25.84064773,199.421204,3.47314988,7.0,14.92,147.76,15.9,561.8280049,580.0,0.073203038,2.930284108,0.049003123,0.12359095,532.0282003,2437.9,41.4925,13.5256924,2619.90945,0.57002084,27.8,29.5,8.014961261,8.994567637,25.3,0.3,207.2717541,3.776390128,25.18478938,16.08962583,0.11418026,1.959212753,0.64,62.2,5.486582263,0.435629554,49.92133464,8.707721217,2050.0,45.48713738,450.1492474,452.4687561,430.7421956,641.8632822,3.26806904,17.23834653,142.8200089,6.4,0.497009085,12.58,59.69,18586.89,20384.7,3.22,49.1,3.835307389,-0.1,76.1650486,83.2,6.60284506,2702.0,56.00545644,-0.661788581,4.464285714,0.4,69.31583574,71.7,320.39,26.52799016,0.8
Ascoli Piceno,3.396171056,122.1,29.09441233,11.10876696,52.4,12.4,47.87934668,19.37206629,3.1577661,11.81962605,300.0,79.2,42.59073689,29660.93595,12.6,13.20496975,19523.12355,12.5,700.4702603,4.19089528,11.15,17.20263473,213.8526751,3.715018942,6.2,47.0,122.6,20.7,607.7526579,400.5,0.06759427,3.429112465,0.045170768,0.084678083,555.0515461,2406.4,41.4495,15.62458756,2596.481805,0.881611571,22.5,42.5,9.776365636,9.531956495,26.6,0.2,365.3361601,3.684340524,38.67530246,22.46302165,0.130889058,2.492973237,0.32,70.1,1.984116183,0.417368766,61.21471343,23.72925848,900.0,37.6763999,370.7700199,400.088311,454.5624075,496.2507576,3.046367228,16.04294479,61.84658688,6.1,0.638,11.15,33.44,17996.63,17820.3,3.88,48.3,5.113039228,-0.9,72.51321544,83.3,6.367528966,2402.0,49.25498275,-0.791689186,12.9122807,0.7,71.91830624,64.0,295.6,23.21957003,0.9
Asti,3.157714823,144.9,22.36671001,10.14115932,45.6,15.1,39.61728678,11.38018823,2.680683813,15.91238648,520.0,80.7,44.03094711,34978.99283,46.9,19.59332284,22850.70213,5.3,441.2996836,26.55301974,20.64,19.94590933,198.195585,4.10211402,4.2,56.75,263.58,18.8,536.4086469,476.5,0.081206696,3.640745363,0.039718659,0.109308431,473.3087075,2922.4,43.3163,17.27610089,2415.480796,0.481999763,9.5,23.4,8.108830039,8.776616042,19.5,0.0,94.63975556,3.881740328,18.86018469,12.07986765,0.098280802,1.097077005,0.55,54.7,8.340139981,0.479277661,48.23799893,4.574979504,1500.0,69.20920492,390.6154697,381.1533017,477.0164787,561.9367228,3.289597491,6.212361331,56.30106021,5.9,0.668936195,10.32,22.98,18420.01,22294.1,1.88,99.3,3.820689918,0.4,98.33582377,80.9,3.624866788,2606.0,19.73582889,-0.094106788,4.148053606,0.9,68.63668155,72.0,474.17,24.77314376,0.3
Avellino,1.716127098,79.9,26.04290822,10.30958345,47.0,5.1,35.07417645,10.88202986,2.719459655,28.61344507,270.0,74.6,34.19277126,25099.76019,50.73,6.833642067,21595.68483,12.8,229.7772818,3.734548306,17.64,13.327956,213.7088749,3.965878664,9.0,55.32,137.22,20.7,346.7976146,220.375,0.103969082,2.640872443,0.040418011,0.062967816,532.0822246,2459.9,34.8863,7.878057853,3597.440052,0.305682878,14.6,23.5,5.665540948,8.030288475,24.0,0.3,200.6888479,3.649245941,16.38572973,8.29824363,0.159828845,1.108475403,0.11,61.4,0.775393007,0.3422985,39.42970172,2.436239555,700.0,44.69661836,337.7277786,329.0211735,391.617005,442.0665521,3.274653216,27.77687693,21.55205606,6.3,0.676559795,7.01,33.1,17288.6,15610.4,4.35,31.7,3.278623914,-3.9,81.62873316,81.1,6.490905122,1738.0,9.731422509,-0.519394913,8.317183463,0.9,64.16591286,55.1,434.62,17.55907756,0.4
Bari,1.496764742,135.6,22.76080084,10.54274077,80.2,4.4,77.56378587,36.98334415,2.101791404,27.36384319,600.0,76.8,53.948339,34749.09727,24.65,13.65435613,16386.77874,7.5,518.7633577,2.849115587,17.21,15.7684038,195.8293311,3.042153452,6.9,471.16,162.82,25.4,483.6484252,730.25,0.095827673,2.820557655,0.033429909,0.036174963,720.0835821,3310.4,34.5092,8.305324259,4012.337154,0.706757236,11.6,28.9,7.082539339,8.954725887,33.6,0.4,113.498238,4.105747374,31.86410406,31.97634847,0.15272913,1.333559209,0.42,60.4,4.777764256,0.458185108,49.63126156,8.920120471,2100.0,39.99857214,384.8382994,409.0772662,428.7237234,406.9006046,3.682076771,33.14848595,18.28122726,6.9,0.413614961,28.74,57.71,20451.77,16822.0,3.04,34.0,3.136735441,-2.1,55.9,82.6,3.280593415,1955.0,42.82589966,-0.796960377,8.237459733,0.5,58.53873605,56.8,375.83,20.89859752,0.2
Barletta-Andria-Trani,1.550032101,76.2,20.41522491,9.377812529,65.4,1.9,84.01871051,14.0343267,2.101791404,35.12026863,510.0,78.7,47.68151352,30228.41163,6.69,0.0,13066.67625,8.8,605.6400977,2.822636454,16.74,11.81999556,173.3441002,3.083475966,4.4,561.03,90.12,32.4,348.7306793,424.375,0.09661373,2.81590443,0.032928091,0.036761487,700.516462,2585.8,30.383,5.603825601,3589.840655,0.402036385,10.5,18.8,7.082539339,8.388099873,21.4,1.0,119.5615476,4.130038302,22.47540405,28.42005602,0.169655565,1.333559209,1.11,43.5,6.143530996,0.405752996,28.6972314,4.406563453,1650.0,38.87704957,372.3728277,355.9003849,377.1914766,328.5674048,3.540946315,22.91868814,10.55366502,7.2,0.316807481,29.87,47.38,18044.55,16822.0,3.09,22.3,3.136735441,-2.2,53.3,81.6,1.775382847,1726.0,32.29090131,-0.396497517,7.770628992,0.5,59.16296281,46.1,128.99,14.50542865,0.7
Belluno,4.720739046,113.8,27.26204465,10.47112842,59.0,3.6,33.07248017,5.414927349,3.877774939,4.353729227,380.0,83.5,47.03430378,29575.10576,9.41,3.26885489,23697.74899,6.5,213.7192872,14.01482769,15.35,22.36707599,192.4277877,3.807634307,5.6,6.44,141.11,14.6,739.292281,384.25,0.077616853,3.192890059,0.032464077,0.085055958,427.4553209,2348.8,44.1688,32.89996443,1573.75896,0.821203714,9.6,24.4,9.018081253,8.717478544,23.4,1.3,282.0951284,3.759052008,15.40087876,18.18017181,0.067810977,1.553113994,0.21,68.7,16.05407689,0.374206278,77.89618184,19.52890678,1150.0,36.05030818,464.6527327,417.8419621,537.336187,552.7869001,3.106558731,14.63414634,60.04919889,6.0,0.828,3.47,27.73,18645.67,22202.5,0.5,127.8,3.03107731,0.2,105.3638673,82.0,16.4802219,2719.0,23.83358801,-0.709501494,6.766917293,0.3,71.66314604,73.2,606.02,29.57882204,0.7
Benevento,1.017811705,132.2,27.92384406,10.06863408,43.0,7.8,31.83286053,17.86650966,3.079117344,29.33518551,330.0,73.4,36.68569603,24488.48652,21.16,11.5139695,17563.68276,14.3,272.1069631,1.708189917,5.84,12.58716799,218.0433565,3.788540038,4.1,38.67,132.44,29.9,369.1449414,289.75,0.104040093,2.539407005,0.032359551,0.048744295,516.4883561,1886.3,36.4494,7.616451178,4488.748573,0.53447192,20.0,25.7,9.657062841,8.877069304,28.2,0.2,80.34255397,3.709718061,20.67725725,18.58108108,0.151997172,1.337131778,0.15,56.9,19.35307242,0.328805496,45.51448002,2.735570419,950.0,51.57650936,313.7664626,327.8814459,458.0209623,425.1598457,3.424354244,26.49814246,4.973814006,6.7,0.657155488,7.66,41.59,16535.51,14119.3,1.09,16.8,3.439400074,-5.2,86.14667615,81.9,6.527724037,1685.0,26.62936843,-0.835218261,6.332294703,0.7,66.34705251,45.2,322.17,16.74356266,0.8
Bergamo,3.653394988,153.7,29.86695629,9.899455862,56.2,6.6,61.00577212,22.73114374,2.682742509,7.415282174,860.0,83.1,27.85414247,41120.96777,35.56,8.345586575,21717.99556,2.3,293.8906886,22.37396003,12.0,16.59261236,165.3370789,2.973751865,4.9,41.56,154.16,18.3,713.5940474,845.625,0.08362351,3.359712989,0.057908737,0.113168724,441.4885949,2579.4,33.2681,18.69771494,1940.296996,1.52669213,12.2,22.6,6.093008409,7.91181689,21.5,0.3,254.130421,4.284056136,22.2613064,26.19709037,0.053244505,2.237134431,0.85,51.4,16.60888825,0.424390142,47.64095993,10.31666285,2450.0,83.69815092,394.3825166,469.4456659,479.1367687,523.5851417,3.243007402,11.36817752,47.89332633,6.9,0.696,27.23,49.53,19835.45,24534.6,5.02,75.5,2.823700166,0.2,66.07442511,79.6,3.799458461,2585.0,29.125052,-1.273675469,8.802702527,0.5,62.47451623,70.6,309.93,30.42906572,0.5
Biella,5.597911227,120.1,19.2893401,10.22588917,70.0,6.4,39.01252245,7.464932291,3.107578068,14.22269812,470.0,84.9,32.57137537,26554.3461,20.64,7.147361783,21091.87141,8.4,570.8781358,4.518548642,14.34,19.55948044,191.0549704,4.015409863,7.1,16.63,131.89,19.4,598.9129296,376.25,0.065348583,3.126616472,0.047844374,0.066727973,510.0665043,2517.4,48.6868,30.0905504,2668.87395,0.611811373,4.9,28.8,5.819434584,8.147208417,21.8,0.3,415.6190586,3.523190988,14.07721226,6.36103795,0.071007752,2.269579488,0.22,58.4,8.504392111,0.439396777,42.03959543,6.551197118,1350.0,50.33528474,408.802179,466.3801122,476.5428788,618.3359199,3.303953871,22.86977492,35.109894,5.0,0.720408818,17.78,77.42,18525.38,23027.2,1.15,92.6,3.375272059,-0.3,93.09249128,81.2,0.596576149,2926.0,14.89121049,-1.106025567,9.365558912,0.6,71.9923047,71.3,442.7,25.72311891,0.0
Bologna,2.952393697,134.2,28.10457516,11.66769099,80.7,6.0,72.94963341,54.99428492,3.029800724,9.843664637,1140.0,79.6,68.18375756,44291.03004,46.77,13.0554889,23980.82271,3.5,360.4696988,20.79466034,20.73,20.41778196,206.4788007,2.932698014,14.1,50.7,359.99,15.0,778.4233855,853.5,0.066946001,3.311161159,0.057647653,0.133357775,516.506865,4636.6,38.7047,22.82237364,3361.847345,1.409221045,10.2,41.8,7.552433011,9.474870505,39.9,0.6,192.3306762,4.241344996,25.61746044,41.61144576,0.076861005,1.922437494,1.45,76.8,12.40123224,0.438841696,70.16602602,11.07786045,3450.0,65.01814569,527.5962913,441.7508077,547.9494398,666.1317483,3.472567873,4.698950999,42.74370337,6.8,0.553450318,49.71,63.47,21895.87,25910.8,2.36,107.8,3.566317718,4.3,60.37299053,83.1,5.588170825,2804.0,57.85371201,-1.581545389,12.27965934,0.6,52.85337281,76.6,486.63,37.58399541,0.8
Bolzano,3.634430619,111.4,26.86137392,10.70073239,69.8,42.3,42.82324739,7.707548554,2.289611497,0.753210983,1180.0,80.4,108.1813327,45176.31733,12.97,7.235083543,28091.02236,4.9,470.0073915,45.48872529,16.35,22.67406762,125.5434342,2.491966686,7.1,10.34,118.78,12.4,607.8468846,726.625,0.081151963,2.9014856,0.065846995,0.076803054,605.0899538,2450.9,30.7779,28.6712946,2260.607994,1.310322455,13.3,24.5,3.934684242,6.501597294,26.1,0.7,111.3100008,4.317370736,22.21972401,37.44816105,0.063282473,2.19218122,0.96,70.0,16.80502126,0.233680288,118.0461482,30.94828511,2950.0,38.53021108,548.7957175,400.8625891,517.7390283,564.7553153,3.102901038,7.333333333,23.99600304,9.6,0.662766288,33.08,66.72,20165.15,23688.2,2.82,78.2,3.606793888,2.6,69.89539731,82.7,7.470279071,2916.0,17.19120141,-1.086324051,9.887122024,0.1,64.43,77.2,183.99,42.48348214,0.1
Brescia,4.899415746,157.6,29.64951058,10.48751024,74.7,6.9,60.21243453,29.51243258,2.967337644,9.56489468,810.0,82.0,60.02005478,39554.42784,106.35,6.801153259,22164.39948,3.7,369.6795807,15.28763689,13.8,20.12265637,168.8770166,3.077951527,6.0,47.46,192.44,14.7,676.4022915,759.75,0.084111206,3.087104967,0.067497318,0.119111291,470.0920888,2702.5,34.1817,17.34754321,3029.764391,1.287989686,10.3,30.2,4.087904372,8.039545265,26.3,0.5,149.1282776,4.369544377,19.74057037,35.11629854,0.053171412,2.164184667,1.17,61.9,22.14997563,0.43396942,78.78914669,24.40799016,2450.0,74.24418743,426.1843667,446.7364845,513.9817687,545.6480608,3.337089552,18.83130081,41.95985818,7.2,0.714382597,23.41,48.88,19425.5,22939.1,2.52,68.6,3.51479621,-0.2,68.55288205,81.2,2.983710622,2667.0,51.17239813,-1.257658166,7.044118426,0.6,62.2797306,71.4,382.59,31.10626249,0.4
Brindisi,3.023831895,148.2,19.8630137,9.570187308,62.4,6.5,66.84814235,20.53821981,2.923227369,29.08585085,320.0,82.4,41.08990885,25102.67557,13.57,16.93997144,12631.99496,9.6,1844.159408,5.887131907,14.34,12.3692078,220.8680469,3.085338367,5.6,236.39,219.23,28.9,408.5615525,378.125,0.096279228,2.59485219,0.026200255,0.053258621,685.2316885,2718.6,37.1024,6.326251,2859.024803,0.748490586,13.5,18.9,6.798203183,9.072986555,21.9,0.6,106.0522113,4.254929172,14.79132131,25.95627776,0.178402522,0.78440806,0.17,51.0,2.190110243,0.432150737,44.49423983,16.64184305,800.0,37.7702964,320.0192114,346.8515388,419.3212075,398.0488885,3.704704013,29.23723073,15.21063267,6.5,0.476,17.67,74.27,16927.71,15964.6,5.63,21.5,3.770388073,-2.1,70.83011146,82.2,3.538709608,1834.0,25.7049575,-0.783838541,4.645760743,1.1,63.55428871,50.4,327.31,16.20145502,2.5
Cagliari,0.83967975,99.3,20.63492063,11.4167769,62.2,3.3,57.64042706,39.27216955,2.745086702,40.11596769,470.0,74.4,41.52414684,30809.64111,11.06,17.56430534,14599.03075,5.4,367.6222512,17.18957122,9.9,19.51244534,168.0494434,2.85634716,16.5,39.72,82.27,21.1,637.9008705,805.625,0.074130619,2.694373763,0.026973797,0.068377156,680.5688588,2373.0,35.8954,16.08901806,2914.184491,1.213288669,13.0,32.6,9.855505154,10.30665267,58.2,0.5,47.24189992,3.566581849,33.36689541,42.65206757,0.148398737,1.419192742,0.82,65.9,6.051523707,0.526637033,59.23825982,15.00729262,1350.0,39.61198369,457.7743635,546.3287443,454.2017214,647.5562752,3.805516199,35.14108689,28.76807843,5.1,0.689033904,15.04,64.92,24354.3,17568.5,4.11,39.6,3.992136621,-1.7,71.32152191,83.4,3.667080859,2074.0,69.55210494,-1.807296635,5.757956449,0.5,67.5609136,61.2,441.18,26.46378452,0.5
Caltanissetta,0.998185118,95.6,31.43631436,9.198732782,62.5,1.9,72.91087342,32.11726632,2.420857347,46.17429382,320.0,77.2,58.555476,21828.17285,28.76,28.7978093,13228.059,9.5,492.0520626,1.64546756,11.5,16.32944229,195.4974545,3.204075901,3.7,51.77,134.21,41.3,441.2764089,335.5,0.100523967,2.425771395,0.020720915,0.052047351,621.2563892,2831.1,33.8591,4.118226445,3734.176983,0.257753774,17.1,14.6,6.329038817,9.493558225,22.7,0.0,19.54313992,3.423248593,12.65412198,6.080536475,0.193564115,0.791129852,0.05,43.9,0.917887329,0.364108876,40.73527608,1.67830436,800.0,42.25789486,329.8210123,337.8047657,464.4709597,242.7295263,3.545454545,21.10339106,5.331491667,7.1,0.438539884,13.42,56.37,19678.25,16009.6,1.92,15.5,2.946958699,-7.4,75.34181433,80.9,2.334576498,1614.0,25.88024874,-0.170106077,7.863695937,0.9,71.4615061,41.2,449.04,14.63549965,0.4
Campobasso,2.873104549,140.4,30.26886383,10.3477697,85.1,3.2,43.12059969,19.59080505,3.144961771,24.53070182,460.0,77.5,30.73675971,24519.21589,41.16,11.75758348,18942.57533,27.9,812.7408025,10.30800313,13.26,14.56580425,197.1883855,5.218306939,6.9,133.07,93.29,23.5,456.7742477,392.125,0.08694636,3.350083752,0.025722452,0.063145183,522.9740253,2168.0,40.3517,8.545909453,3928.527178,0.398053539,13.1,25.9,7.454724199,10.43661388,26.6,0.9,120.189903,3.51758794,12.22108848,19.90177433,0.146963824,1.537536866,0.11,60.8,0.0,0.3840406,45.95837468,3.213366401,1350.0,20.3591954,378.3003276,415.5279464,437.7818914,427.0333843,3.190535492,19.09277699,22.4572714,5.8,0.335786845,7.32,74.08,16852.07,16823.6,0.91,25.2,4.006914257,-5.0,88.20853854,82.1,2.273626904,2107.0,41.77626441,-0.786220642,9.317862166,0.7,74.20008778,56.0,328.79,19.70233939,0.1
Caserta,1.143449032,85.0,30.12361744,9.979775073,70.1,3.6,67.23964097,36.35774007,2.972775519,55.97922787,380.0,72.5,44.11884082,24397.83362,16.16,11.04295889,13762.93706,13.6,316.38691,4.033857511,20.5,14.19186688,193.0181383,2.742412841,4.6,254.51,137.07,33.6,339.0883781,275.5,0.123137191,3.170739191,0.026470734,0.118698156,493.7472082,2747.6,27.1977,4.758854154,4496.267456,0.384868924,11.6,19.1,5.813915222,8.139481311,22.1,0.5,96.34957911,4.785770541,15.95974577,14.08374776,0.20037594,1.360236769,1.28,49.9,6.304358058,0.386088956,38.66143926,6.778247946,1100.0,43.63494443,311.7735411,320.6466098,479.5696402,326.6163328,3.485368803,39.68334762,8.838703446,8.2,0.513084176,39.15,39.91,19085.99,14752.3,4.12,10.1,3.453246249,-0.7,68.29682239,80.7,5.047358038,1591.0,9.10440948,-0.486668515,6.462643187,1.1,62.76737786,42.7,355.03,15.17970995,4.3
Catania,1.103409252,85.3,29.23976608,10.09270477,59.6,2.9,78.0768172,40.54602688,1.780148393,57.27034539,370.0,75.3,52.18581412,27163.69507,35.29,30.4159599,11229.05607,6.0,252.5983288,4.040281608,16.11,11.99826016,199.6210646,3.102838957,5.0,393.67,141.09,40.2,500.0060932,506.25,0.108087894,2.739829778,0.029842901,0.049419183,731.2504506,3302.7,31.6531,6.413783729,3941.966772,0.595274126,15.9,18.6,7.968015449,9.495999588,36.7,0.6,34.70911793,4.066195196,22.46792874,23.88865333,0.195282074,0.956161854,0.34,52.8,2.195456492,0.429794128,48.88611831,6.543423928,1050.0,49.59246567,421.3384823,306.8365091,440.5265342,420.4421112,3.582801756,31.71236316,9.361096366,8.4,0.09089026,45.79,64.16,20221.76,16569.0,4.07,13.1,3.227514963,-3.1,64.45896284,81.4,1.760518725,1841.0,36.7934154,-0.973134984,6.882676832,1.3,77.5197249,43.0,324.17,16.98214217,0.2
Catanzaro,0.800716725,84.6,29.82142857,9.880685201,43.6,5.6,55.01516563,5.613034737,2.487633977,43.84815621,340.0,75.2,25.26016265,23373.89662,19.44,11.27845884,13604.37674,12.9,503.0413073,5.698590169,23.39,15.51712196,228.2725142,4.271111701,6.5,102.58,89.33,33.1,392.7604657,292.5,0.116325182,2.293169344,0.015600624,0.103882295,633.614484,3104.7,35.7794,6.289789157,6600.82336,0.398668073,12.9,22.7,8.946247482,9.985166544,41.6,0.4,39.55561941,3.796086094,14.70359062,22.06270809,0.199765327,1.183213377,0.08,55.7,7.090888093,0.398942381,55.18103165,11.41256987,850.0,35.23883296,366.9479497,360.1064703,471.4265541,368.7771991,3.415905676,38.45722075,1.16410943,7.2,0.707161197,9.02,106.52,18480.39,14849.8,3.95,17.3,3.823799327,-4.4,80.34940299,82.5,1.802042543,1762.0,14.07094749,-0.721347949,8.732593816,0.8,69.7886592,49.6,442.16,18.31285045,0.4
Chieti,2.694973583,89.4,28.27540107,10.45260015,44.8,6.0,46.4402833,23.06975842,2.739129164,18.18824273,330.0,79.9,39.36003741,26429.4361,19.05,5.53992865,18152.17975,16.0,759.8409241,11.90842422,9.39,17.76508049,195.287311,4.117992439,4.9,65.76,115.61,20.7,475.0117562,299.75,0.072316334,3.003228803,0.042994811,0.076540316,605.537224,2350.0,40.7378,9.029561872,3228.97442,0.63938945,20.6,23.1,8.235984878,10.62707726,33.1,0.5,157.7722367,3.80158344,22.86947027,21.48210119,0.166186685,1.859738521,0.17,67.3,0.0,0.410763322,59.38410774,10.0294872,1050.0,57.33419005,436.3992785,428.1476628,454.0844637,449.8717612,3.123758947,9.647404505,66.01309328,6.1,0.709018622,9.66,34.45,17213.46,19595.9,0.52,37.9,4.351788139,0.3,80.79543254,82.6,1.852181368,2137.0,47.11284799,-0.976276614,3.743565746,0.8,66.51135818,59.4,407.11,24.32739895,0.3
Como,6.332340781,145.8,24.64236271,10.84835242,66.7,13.1,52.48003911,10.44769431,2.52744795,6.913066216,890.0,82.6,51.668906,41106.5264,15.07,28.74774082,23007.18717,2.7,154.6461961,16.32443652,9.11,15.61671916,166.6014132,2.858723563,7.1,33.29,174.06,15.7,681.306134,378.375,0.07790462,3.408197874,0.063970103,0.107250693,436.2281713,2176.0,36.581,21.31043888,1921.043446,1.000183322,6.4,34.9,4.372165449,7.819449746,20.8,0.4,356.4819457,4.460851222,23.65845989,25.49248121,0.072866299,2.28697885,1.4,67.2,1.738097178,0.46970121,47.47667197,30.54842444,2650.0,71.05149806,451.5241183,417.6944043,446.9722529,552.4790066,3.379833944,4.920948617,35.65865321,6.7,0.703834169,18.55,33.29,19391.71,23103.4,4.31,84.8,3.277442485,1.6,69.13671608,81.7,3.683332732,2802.0,44.10025797,-0.976395184,5.848767581,0.5,62.65446656,70.7,240.63,26.03333251,0.5
Cosenza,2.216220731,104.1,32.3269856,10.31970149,53.0,4.9,36.9050001,4.949391805,3.024302483,45.25939491,350.0,69.7,32.5809815,22831.81328,16.99,6.529277896,13583.11502,23.4,442.6187558,7.591573354,11.99,16.3036204,227.6725152,4.015853128,5.6,80.81,93.23,31.4,367.3614823,289.0,0.102421876,2.404587301,0.024780876,0.067599303,691.1820486,2131.3,35.8406,4.712275076,3876.307718,0.285628958,16.5,27.3,9.053923415,9.126938927,23.5,0.6,33.68486796,3.777608091,9.814745044,27.75883564,0.183922384,1.226660592,0.24,58.8,24.65255652,0.345331936,49.46800898,12.26552031,950.0,32.61450227,333.0270503,292.6732805,422.9109609,343.0436862,3.512629132,36.48562486,1.010769628,7.0,0.595456105,10.57,45.69,17200.64,13345.4,1.0,17.4,4.061122745,-3.8,86.30772646,82.0,2.384669739,1656.0,12.31499102,-0.316161053,5.426488045,0.8,70.65509149,46.0,264.43,14.57609065,3.1
Cremona,3.451133317,102.5,24.89082969,10.34028955,74.1,4.2,52.62388237,23.21730247,2.820601766,9.383050231,560.0,80.3,44.99314753,34547.73335,64.46,12.77125765,20708.42314,5.2,679.681594,15.20670754,13.39,18.32748836,197.6298813,3.63948615,5.4,27.07,149.02,22.6,619.5628067,757.25,0.080437936,3.47793051,0.049210771,0.125716654,424.4706573,2196.5,39.0635,23.02344625,1783.587951,1.568959673,7.8,28.0,6.539701676,8.331011265,25.0,1.5,119.0058023,3.736962078,23.33251824,15.03456224,0.074211503,2.132511416,0.58,59.9,33.54737764,0.459851175,47.31900665,2.183679162,1850.0,77.11001642,462.448634,491.7275611,510.1696158,601.6025797,3.525617566,8.49466614,44.16281346,6.6,0.734,13.12,24.84,19649.18,23182.9,4.46,86.4,2.89168548,-0.7,70.7749137,79.7,3.903635328,2827.0,56.63988821,-1.746769283,5.766832918,0.5,62.57287865,67.3,427.52,29.1751146,2.0
Crotone,0.342987805,126.8,36.64122137,9.112380853,49.1,1.8,27.3215286,0.0,2.646788743,62.99477244,340.0,74.8,41.05223357,20622.97027,14.64,52.09910752,9094.972302,16.5,259.5722827,9.679683152,19.33,14.03974985,202.322206,3.661091005,3.8,57.99,107.19,47.9,313.9115456,290.125,0.127152463,2.525556224,0.018635502,0.063412234,703.0904264,2792.3,32.2176,5.030699148,3792.19312,0.410867121,16.2,14.6,3.60107312,8.882647029,21.5,0.2,21.89728311,3.853933198,2.136636718,14.94012843,0.203328509,0.840250395,0.16,44.7,2.419725603,0.39011713,37.03103525,9.560666241,850.0,35.31610385,309.019442,335.4663859,413.8054841,274.5871641,3.608044077,15.44211875,0.859363361,8.0,0.13035268,11.72,69.71,17335.55,13649.0,2.93,7.3,3.925169701,-8.7,71.07059595,81.1,1.256947476,1404.0,7.557002428,-0.993120482,4.57433291,1.1,61.58171413,35.6,374.89,15.8405794,0.1
Cuneo,2.470607717,67.1,23.8424534,10.07067094,55.6,6.2,36.50188756,23.93683534,2.131009886,8.913837483,650.0,83.9,51.25413624,38185.28937,61.03,6.936629085,24860.81123,4.0,1082.682081,8.891576121,9.38,22.51894126,173.9829416,4.052524843,5.7,16.88,183.1,16.4,618.2865032,557.375,0.087518693,3.507393925,0.03496144,0.063078712,557.7492003,2006.8,39.2363,18.0873113,2236.928199,0.753760223,12.9,20.7,6.696969021,8.723231442,22.6,0.9,98.52760449,4.04060239,21.0903009,17.33333639,0.086685824,1.476767528,0.28,59.7,32.47426029,0.37618073,65.64746812,5.960699817,1700.0,55.06246877,430.2672551,378.7891292,521.4866136,585.5392367,3.057328695,11.10246433,49.83643861,7.1,0.695,10.4,36.14,18320.09,22584.8,0.17,115.8,3.635252158,1.1,92.93797139,81.6,7.613757576,2725.0,30.59105292,-0.948300465,13.44086022,0.5,75.44301536,73.2,371.82,29.93983512,0.4
Enna,2.159669983,104.1,36.33440514,9.661683452,74.2,1.7,69.06625306,6.446012864,2.130443853,39.36579784,340.0,76.4,40.91463684,20184.04206,12.93,20.3571289,12168.19759,6.5,613.3569472,3.766903982,14.17,14.45286788,231.2184306,3.666639272,5.8,33.87,89.3,34.5,437.0381141,130.375,0.117259986,2.500493518,0.022321429,0.047246167,646.3026826,2367.5,37.5072,8.419362384,2994.377764,0.286606058,15.1,22.3,9.482687773,9.356251936,26.4,0.3,33.95222741,3.428308219,7.01086716,14.63517743,0.198790627,0.505743348,0.55,52.3,0.261935529,0.322698492,38.2341971,1.180735447,900.0,20.82280288,293.8161823,382.4498552,469.7241408,414.9439425,3.150080257,22.63306993,0.497371238,6.4,0.590537875,6.16,33.87,18072.8,14829.8,1.85,22.7,2.876415291,-4.9,83.23978863,80.8,6.469494006,1482.0,51.4508695,-0.322846749,7.381676075,0.7,70.03457549,45.6,441.59,14.92487941,1.5
Fermo,5.880616402,104.9,32.45149912,9.533839443,50.7,16.7,39.17909905,1.880503602,2.484610686,12.52290776,330.0,76.6,47.17236032,27059.03846,19.65,1.833740831,18716.30797,12.0,793.2179715,0.0,15.61,20.78236455,186.490461,3.935435365,5.5,45.09,231.79,17.3,497.1629623,319.875,0.07133511,3.964138599,0.068933824,0.097891931,528.2924361,2691.8,41.0839,13.02217941,2710.900569,0.857948258,10.8,23.5,5.286405714,8.575724825,18.6,0.3,402.2242064,4.531136419,31.73605564,20.37679315,0.11313698,1.468446032,0.1,52.6,1.716886475,0.35727726,49.7333302,34.95089095,900.0,33.56101235,453.0714588,384.4850396,479.7961562,610.7929916,3.212290503,25.61394243,23.76516498,6.3,0.697665407,19.65,45.66,15868.49,18088.0,1.16,34.0,3.882571308,-1.9,56.6,83.2,5.429714987,2252.0,49.6630468,-1.181620489,7.391130643,0.9,70.79306706,68.0,362.42,23.64647189,1.1
Ferrara,2.877102675,141.0,24.57420925,10.67112837,55.4,2.4,55.14473471,30.7309821,3.368746107,11.29348738,710.0,81.2,52.73608272,31738.7627,20.88,6.560013543,20819.64634,10.1,643.0571745,19.56137381,13.92,21.08831261,229.3817737,3.74305123,6.6,28.13,246.2,11.1,555.7173645,569.625,0.06956774,3.452277343,0.032653061,0.099013635,457.9799762,3544.8,46.4964,22.29747315,2225.175927,0.788945318,9.7,34.2,5.55609167,9.913237242,39.2,0.9,119.1673629,3.600232086,29.56718046,17.55655445,0.0691397,1.462129387,0.96,69.9,20.583534,0.421264381,58.6460097,18.13519927,2000.0,57.41139351,451.2970854,497.8385309,590.930865,672.422442,3.09564146,4.868270332,25.53952409,5.2,0.875899976,26.39,61.19,18419.22,20721.9,0.87,76.3,3.798612147,2.7,74.6554373,82.1,37.66542445,2691.0,45.21476854,-1.400966898,6.943480072,0.6,64.97339139,73.9,483.7,24.93878949,1.9
Firenze,3.684108216,132.9,31.13636364,11.31483831,65.1,21.1,68.98241132,48.14709674,2.367137559,9.446237884,1570.0,87.9,50.14700796,43684.3639,58.35,17.30083918,21523.97411,5.7,115.8228368,46.14474249,12.25,29.78544748,188.8082497,2.97159942,8.9,37.24,271.13,15.6,640.6362671,937.25,0.071569572,3.211743023,0.048370712,0.167510221,567.0834609,4277.3,41.3137,21.11296033,3980.311717,1.327451968,10.2,40.4,9.736298442,9.006076059,39.3,0.5,159.6453611,4.007896042,35.56588685,40.3438766,0.139188879,1.896549801,13.03,70.5,7.229667665,0.459324061,71.12163172,29.19468214,4300.0,47.96875372,470.6121375,455.071793,530.0392348,676.5876838,3.583449329,13.98312457,44.25398795,6.4,0.515684543,45.21,69.9,20828.28,22787.2,4.98,80.3,4.17748055,-3.2,61.00070696,83.5,18.14765518,2686.0,53.02630884,-1.647743849,6.988098871,0.5,55.56058985,74.3,418.5,34.9961457,4.6
Foggia,0.878768441,129.8,25.62358277,9.49842284,50.6,2.0,68.84408887,17.15425588,2.469160436,33.09173804,420.0,82.6,48.86609834,28836.63025,22.39,14.17218543,14675.29958,9.7,967.6829391,0.0,28.07,11.1529516,189.837777,3.441860001,4.5,459.02,142.3,35.5,412.0554888,250.75,0.103688239,2.774025407,0.028411737,0.042040198,633.3841539,3758.2,34.1698,6.155941199,3461.80046,0.459880606,12.6,22.2,8.14739807,9.178293336,30.8,0.9,25.67354374,4.348656651,16.5109516,24.86376356,0.166282642,0.914503865,0.15,46.4,7.509297737,0.37874082,35.54925934,13.80668489,1200.0,54.84757621,368.5935884,289.954023,408.0677717,335.3037927,3.35184344,31.34214053,8.488691529,7.2,0.22,40.08,64.42,18026.24,14657.3,9.25,25.3,3.443522735,-3.6,64.73366001,81.0,5.71576504,1772.0,18.06836698,-0.487148873,3.569152326,0.8,59.78718957,42.6,375.62,16.76630324,0.6
Forlì-Cesena,1.364221956,108.2,31.13772455,10.67162207,57.1,7.8,59.72954765,25.35369414,2.934779294,7.048552176,730.0,78.6,81.81046662,37969.06175,37.48,12.56452261,21248.76511,3.4,683.7101977,21.12806991,12.66,23.61681184,207.8984516,2.998302656,6.0,21.02,201.6,15.1,660.9250018,600.75,0.059668719,3.298486801,0.048918156,0.100362786,564.7245111,2906.0,39.5244,14.69905172,2306.404803,0.768403645,18.2,31.4,8.893270589,8.537539766,28.9,0.4,153.2802043,3.802090792,37.94631514,18.03758386,0.067108377,2.413887731,0.52,64.1,17.60562236,0.408283436,78.08037484,24.45257942,2000.0,64.41511387,477.2935631,409.6725189,578.7155608,623.7283276,3.027094659,19.50084602,31.79684497,6.4,0.792,20.52,51.16,18345.44,20547.0,1.27,89.3,3.989267093,1.7,65.32879977,83.0,8.619333318,2681.0,48.52165286,-1.213231203,6.526468455,0.6,65.47468058,75.3,295.82,29.97445924,0.1
Frosinone,1.694714387,86.5,23.58078603,10.67619328,47.4,4.5,29.57461553,2.937129929,3.182903983,26.22780468,360.0,74.3,46.27988857,23149.01219,15.66,19.0701466,16897.00655,12.8,410.0143664,13.34757074,16.49,16.35456325,218.8192503,3.484931368,6.5,22.88,157.65,22.3,437.8869066,347.625,0.099272328,2.441156145,0.033746208,0.080348795,577.4092033,2189.0,37.813,7.803078145,3565.772912,0.363963227,8.7,29.9,5.491407004,8.912975984,19.7,0.4,214.9852433,3.664783121,14.54166816,16.37883417,0.170090386,1.330610159,0.72,67.9,13.55,0.4518656,64.34028137,5.897202109,1050.0,47.31336713,352.6919061,335.6925052,423.5532347,408.2031546,3.112707965,25.44406357,75.61913994,6.7,0.702431644,7.21,38.33,18691.34,18448.7,3.71,22.9,3.74682924,-2.6,82.94056562,81.9,2.252750216,2083.0,38.02206749,-0.638343761,2.921584668,1.0,80.20681128,54.3,339.42,20.72569509,0.2
Genova,3.125305752,129.6,16.80412371,11.35007207,71.6,7.5,77.28487748,68.7611527,3.841276214,18.06672901,900.0,75.5,32.4354034,37554.6471,68.32,22.90992992,23324.65884,10.4,31.14050185,16.91725348,8.97,27.84641873,190.0640164,3.843724447,9.9,31.11,138.31,17.3,689.9056941,779.375,0.072283,2.960304741,0.022034761,0.149443709,648.8996139,3797.7,47.8135,27.60540863,3441.553302,1.595755158,15.2,34.0,8.93604728,9.388970225,42.8,0.6,71.85781479,3.805774278,25.63299042,44.25633418,0.118269712,2.056514991,1.87,72.2,1.264445214,0.442736033,50.70533568,21.13868374,2800.0,45.13721711,457.5161672,316.4447966,431.0870452,534.9715152,3.282704026,6.423996449,18.22210364,5.8,0.352226777,50.25,78.96,22411.16,23790.7,2.87,121.6,5.004186477,0.6,66.13720988,81.4,1.893797129,2201.0,59.10684509,-2.080319136,9.404243491,0.5,48.4656397,68.0,485.75,32.61128286,1.1
Gorizia,3.401313989,107.7,19.67545639,10.84726451,53.8,26.7,65.91374129,0.028774218,3.128449152,11.17616531,320.0,83.7,72.94841714,34413.35148,35.92,20.61456569,19083.72987,6.8,291.4336353,14.81832731,19.4,14.49189015,202.8450979,3.362351892,7.7,7.9,134.33,19.0,601.9706306,444.125,0.074173002,3.184713376,0.03799515,0.136942675,549.414802,2836.1,43.8261,33.01902653,3836.795273,0.770018575,9.9,24.0,9.502298825,9.283015006,21.7,0.0,246.1440312,4.140127389,46.14462499,16.04878049,0.096867271,2.850689648,1.14,67.1,7.246061982,0.494494819,78.62786805,61.57808515,950.0,45.93548464,486.1152107,514.7151445,532.2268889,476.8333141,3.175388154,7.80839895,53.06515103,6.6,0.642982616,10.06,60.34,20814.9,21089.1,0.72,65.6,3.654730317,0.6,71.20479721,82.2,2.734361772,2365.0,153.130959,-0.447166174,6.003752345,0.8,69.27924968,68.5,632.88,25.54972785,5.0
Grosseto,5.570633424,111.9,21.50776053,10.19863588,56.6,25.9,46.85961331,33.20023218,3.468504333,13.10527231,440.0,81.0,37.975089,38566.37377,35.78,7.345629511,17008.79939,8.6,489.9217211,10.98867556,9.96,29.01857343,203.6387356,3.47765606,13.2,16.31,223.75,20.4,530.4020353,408.25,0.068561072,2.711667351,0.028761732,0.090993024,663.2150557,3075.8,46.0368,18.57205612,2860.394262,0.59750696,20.4,25.3,10.52448544,10.75327861,27.5,0.5,14.19450144,3.730679798,39.16938931,14.51725654,0.164290936,1.418517603,0.35,63.0,16.43961948,0.43606476,69.33347976,22.24985902,1300.0,26.48604269,431.5254087,435.7985539,550.6687981,595.0068997,3.151399931,35.68677792,7.555756245,5.5,0.438206868,12.23,70.2,19422.61,15987.1,2.72,46.8,6.735670684,3.2,82.75614285,83.1,5.510890404,2330.0,52.27424875,-0.874035255,2.674818494,0.7,66.2795114,69.9,384.99,23.25492164,0.4
Imperia,2.136669127,104.3,20.13808976,9.913113786,62.3,20.1,58.38714136,0.352467271,5.264041038,22.55195724,580.0,80.1,55.45461083,34925.7397,60.77,67.56847702,17872.65144,14.5,145.9604275,16.66825412,12.62,21.24901119,184.4970156,4.027135221,5.4,25.71,229.06,31.2,526.3034255,350.625,0.078936211,3.087300058,0.029871198,0.174291771,799.1410306,3955.2,46.0022,22.41628113,2668.040391,0.702207181,8.6,16.7,10.54725891,8.198096699,23.8,0.8,10.04424745,4.116400077,25.55313182,14.49692682,0.110565745,1.342378407,0.8,51.4,1.911265312,0.406870449,63.12534458,26.58559475,1850.0,41.02413079,357.3968355,332.2899954,536.226388,534.9900691,3.059759314,17.57542209,10.8268436,6.2,0.678704393,21.97,78.53,17158.55,16455.2,1.4,49.9,5.911259199,6.3,83.27171967,81.4,3.257826431,2099.0,58.52899985,-0.494342669,3.006012024,0.5,61.40175338,62.9,548.34,22.27052406,0.2
Isernia,3.779482808,79.2,24.53874539,10.47404272,59.6,2.1,13.11046835,9.411502948,3.552332821,21.24075295,330.0,71.5,25.07385434,22351.67858,19.14,20.10265184,23045.81411,30.4,584.8727586,0.0,16.75,18.29647941,209.6934373,6.225737933,7.6,17.95,77.76,41.7,412.9861569,150.5,0.098471804,3.357727077,0.028744327,0.071997417,538.664186,2609.3,41.6451,8.609829342,3019.207957,0.504863422,15.0,35.9,8.545130496,12.32940257,31.5,1.2,88.26054671,3.992681877,3.857516053,14.43551627,0.181594084,2.441465856,0.19,66.5,3.467827233,0.353140941,47.65741351,1.340580196,900.0,35.17241379,378.8452307,349.6366777,420.3885609,558.8695498,3.484622554,33.76979294,4.88701999,5.6,0.520951153,7.18,45.46,17018.7,15066.7,5.98,33.9,3.967382016,-5.8,103.5285933,81.7,11.8532959,2186.0,49.01880028,-0.870799838,9.605122732,0.8,79.29620446,61.0,409.16,19.75900114,0.1
L'Aquila,2.983205975,98.1,26.18207481,11.19368338,70.9,1.6,23.0303622,10.80900778,3.865150707,21.41225082,690.0,70.6,38.46338026,26331.67845,27.66,16.02054265,19198.67901,14.8,741.1312241,5.716572343,10.12,17.21723173,190.1770957,4.651862797,8.6,32.38,111.3,18.6,442.6008018,378.25,0.089516342,2.879546653,0.035755214,0.082498682,543.0817694,2041.2,39.7515,12.18035546,4890.009151,0.417753949,15.6,33.1,8.893267113,9.851003571,33.6,0.8,84.52905904,3.851476015,22.47944287,43.64190755,0.175581971,1.710243676,0.11,72.9,0.428932958,0.383627186,61.72611474,4.732397916,1550.0,21.69796054,437.7195477,404.9695082,481.2170114,481.3545257,3.080326921,13.91746875,15.91548634,6.4,0.091785838,9.44,48.23,20118.51,17561.5,0.67,36.5,4.915240323,-1.9,70.46376302,82.5,4.598020279,2155.0,18.94505669,-0.410446904,9.163670108,0.8,77.03206989,62.5,337.95,23.1508003,0.2
La Spezia,2.01809325,113.9,21.54150198,11.25079605,64.4,14.2,52.58501058,20.37891836,3.669886517,12.7262942,650.0,83.1,40.33627481,31058.50425,88.96,10.08543714,19748.00731,21.8,110.202658,24.82635047,7.3,32.39786952,195.1402305,3.804433557,6.9,18.25,148.27,22.4,619.3153875,625.625,0.082701026,2.977809592,0.030264415,0.120591744,541.33931,3053.4,44.9126,29.42682961,2814.045225,0.991337541,20.9,24.2,10.67097217,9.325501768,26.7,0.0,87.10312575,4.080171797,23.30447531,38.22239272,0.164945496,1.531052529,0.73,73.3,2.987859594,0.529983419,67.12041496,28.64602273,1800.0,33.20266057,484.6454233,379.3461302,496.6489662,555.7504475,2.923056757,23.4404035,15.01289791,6.0,0.77,23.72,74.82,21563.41,20183.4,2.28,65.6,5.836557823,1.3,102.3054359,82.3,1.911467678,2275.0,83.93421133,-1.379247072,2.908966461,0.5,52.72563039,68.1,428.84,27.40338787,0.7
Latina,0.916255404,162.3,21.37809187,10.34678108,51.4,5.4,56.96417115,21.35822762,3.132913592,24.8619326,340.0,79.1,47.50338152,27930.78721,30.87,10.00178229,14635.11358,9.5,574.9831214,3.149742705,16.82,14.1601564,200.6830179,2.726597153,5.9,94.34,164.74,28.5,491.7551623,403.25,0.099422464,2.970433583,0.043331322,0.080751659,616.1536151,2994.3,33.5715,10.04314439,3288.403572,0.667167986,10.5,19.0,8.375821321,8.589672078,22.6,0.6,80.2775278,4.377208861,24.12592958,10.36943576,0.18384291,1.265283646,0.39,61.8,3.734745809,0.485805381,56.12156703,21.67910763,1050.0,37.07257482,359.7883858,355.2927172,467.0349557,469.064286,3.147721665,33.69951938,71.7406133,7.1,0.291517212,24.97,54.8,19290.89,17640.5,6.94,22.9,4.697588298,0.7,66.11981687,82.5,1.629126953,2004.0,37.56069618,-1.053856947,3.051586341,0.9,70.27138028,58.4,394.86,21.08452138,0.1
Lecce,0.973059605,129.8,24.18216806,9.423553993,51.5,13.9,54.52447757,10.21157606,2.583899566,30.00101607,400.0,82.0,33.35918519,24577.40524,14.54,11.5636162,14975.69797,9.5,1233.594324,4.270105525,15.17,14.07999156,209.2370345,3.395467822,5.3,115.78,187.2,29.0,459.3129065,684.0,0.109711995,2.883985429,0.028769211,0.111808486,600.1035193,2563.2,39.5097,9.534576538,4086.816007,0.53628401,13.3,18.2,7.974204734,9.517599198,24.6,0.4,93.50898871,5.106265887,15.92783087,16.26759526,0.168176255,1.054652884,0.19,50.4,10.94891999,0.393334802,47.1031129,34.53458856,1300.0,34.75631232,339.1370475,391.6626973,401.9707041,424.8684761,3.471284928,21.78987029,4.86985592,6.2,0.616,15.42,54.48,16768.46,13782.1,2.53,14.9,3.849483027,-0.5,85.53141488,82.9,6.688847194,1747.0,26.64155881,-0.847315345,8.622513754,0.7,71.57131724,47.2,348.62,15.56946359,0.6
Lecco,6.406429392,101.9,25.73051948,10.67997217,61.5,10.2,48.86802633,8.755800151,2.233961629,5.802888215,860.0,83.6,40.53001717,40397.40444,29.07,10.00070927,24635.04944,2.3,151.3211486,45.67964038,10.38,15.33399981,177.0740545,3.096878166,8.6,40.94,290.43,13.2,721.1546846,559.625,0.082560621,3.449078565,0.067420109,0.082133851,461.7719677,2669.6,38.5196,19.7123812,1641.937498,1.222903488,7.9,32.8,4.209348964,7.757228805,22.2,0.4,285.0410475,3.972841901,8.172150346,19.64907975,0.059204914,1.804006699,0.79,67.3,3.067690508,0.408694409,41.08324589,17.74575972,2150.0,62.30598986,443.3516405,449.2336043,462.5156138,611.5722665,3.118747614,6.461675579,46.2784183,6.4,0.658260183,11.27,23.14,20338.41,25469.7,0.3,94.5,2.808237095,0.2,71.23325432,82.1,1.334883141,2726.0,30.7220005,-1.204616724,5.460655279,0.5,60.86470526,74.0,447.96,28.97689684,0.9
Livorno,2.497921548,80.5,21.59468439,10.74148194,52.8,29.1,66.33222223,13.90104275,3.310173246,16.29297005,630.0,76.5,41.67298765,37259.58646,36.28,3.998857469,17329.118,6.8,284.9767744,18.44349612,16.79,26.70421433,197.1361388,3.367820626,9.0,29.08,226.38,18.4,571.1095604,633.625,0.07385278,3.736617027,0.025967582,0.122926208,717.009319,3882.1,44.8065,24.87666495,3005.783036,1.40931128,17.9,25.2,5.764738008,9.405625171,25.0,1.2,121.2301113,4.276485396,29.09675658,20.10788241,0.15003453,1.638399223,1.29,65.1,2.508592407,0.540478181,78.04545041,101.9051426,1600.0,52.98475762,402.8145094,375.6451684,481.5570054,641.6925192,3.206143413,7.603305785,19.46748914,5.5,0.658575505,20.39,62.67,21853.79,19237.4,8.4,49.8,6.180405959,1.3,63.74033384,82.5,7.543250381,2509.0,91.79747337,-1.123193569,5.675222495,0.7,56.01707353,66.8,306.74,25.4325872,1.1
Lodi,4.562864899,195.6,24.43181818,10.40341451,54.1,4.3,54.81609134,4.981420647,2.359607765,9.557960909,620.0,83.4,36.09358744,39187.60386,11.71,12.7744612,20125.7454,10.9,561.6903575,8.92707694,12.14,15.85645793,177.828333,3.453084534,6.1,30.35,128.36,21.0,655.17852,605.25,0.081896293,3.40683771,0.051762115,0.139217689,409.7379597,2016.0,33.8977,15.70976382,2046.574181,0.56733565,9.4,24.9,4.427031454,7.304601899,18.9,1.4,141.194376,4.157904224,13.17484561,10.29963422,0.097969362,1.505190694,0.06,62.1,29.17,0.521990919,48.73276225,2.558220592,2000.0,80.43894719,443.4548025,432.2786705,501.3037375,525.4243283,3.158898305,11.48255814,68.05680198,6.9,0.760046717,24.28,34.26,20720.73,24301.6,3.47,67.6,2.49684574,1.2,58.60399728,80.0,1.694151075,2814.0,30.52990931,-0.79929869,6.671431975,0.6,59.77924351,70.3,233.73,24.56022762,1.8
Lucca,2.301689223,182.3,26.94300518,10.2845191,47.5,13.6,56.20035237,13.77666417,3.36243945,13.35518919,700.0,83.2,46.96644916,35968.96768,33.7,5.518225812,20417.1579,5.3,188.4324552,12.41534989,10.81,37.05502054,205.8131561,3.441246624,7.2,20.84,271.18,19.1,569.870441,379.25,0.071210319,2.801296853,0.043074768,0.110372496,545.0565612,2906.0,41.7928,22.52335319,3217.391528,0.907604982,17.5,22.4,8.406098625,8.511174857,25.1,0.1,65.78697549,4.032841182,20.10371024,18.56300733,0.113373309,1.628681609,2.07,61.7,4.961148037,0.474516287,67.91076926,28.12172956,1900.0,45.14254777,378.2525164,365.0886803,465.2254175,574.4838119,3.23380642,10.592686,41.72582581,5.6,0.797329181,25.47,37.82,19184.65,20700.5,0.26,50.0,5.516502222,3.1,81.38178904,82.5,8.20576841,2823.0,61.17681279,-0.998982603,6.015037594,0.6,68.09686789,66.5,410.37,26.8462528,1.8
Macerata,5.521405449,0.0,23.48916762,10.47218223,49.0,9.5,46.2295056,11.14452111,2.211950387,10.52302868,360.0,77.3,53.68858991,29499.25239,35.24,13.95576593,20942.02088,12.2,1230.8514,2.427567456,8.01,18.0721844,180.2491339,3.44804031,5.2,24.67,161.14,15.9,613.3283022,372.875,0.081475808,3.277519544,0.045835272,0.109893302,528.2924361,2290.0,41.6193,12.34073144,3094.425341,1.457776975,16.3,26.8,9.433317828,8.847801549,21.9,0.5,204.0208906,3.758187196,29.15871069,18.29056465,0.09045366,2.472179845,0.69,63.9,1.449656766,0.386663195,56.31690743,11.69173064,900.0,29.44562481,465.4127846,431.0709431,476.0466461,659.5104802,3.129657549,20.05655423,21.05429692,6.7,0.757330813,11.53,79.45,17504.78,18355.7,5.13,48.0,4.199452868,-4.2,77.71470081,83.2,9.46352862,2481.0,53.83380279,-1.699525309,9.049268238,0.9,69.66782788,69.8,330.61,24.47748602,0.7
Mantova,3.800979756,109.6,25.11893435,10.07933109,81.6,10.1,40.21812856,76.53467308,2.527348638,9.829403967,710.0,80.3,57.72761624,34642.9139,116.77,5.230686695,20042.12,16.4,583.4620878,6.145840802,15.81,17.14086252,208.9349827,3.568021606,6.7,22.38,218.7,17.9,622.587559,555.375,0.068968221,3.528120427,0.050596783,0.107594606,441.5475366,2615.9,38.1995,23.84999442,2629.772108,0.812608399,8.4,21.4,5.203364843,8.374939604,21.2,0.4,203.1887675,3.74764792,21.03646072,27.451544,0.073824475,2.254791432,1.27,57.9,28.46260349,0.430380788,44.72663751,3.908423723,2050.0,60.14500686,420.4325726,396.2849633,500.4360575,545.4451346,3.113271605,11.83673469,57.24168493,6.7,0.856859355,19.95,27.25,18372.91,22677.8,1.22,65.3,2.978306924,-0.6,75.7640137,81.6,23.09079304,2672.0,49.9882651,-1.239050944,4.587695565,0.6,64.22315191,70.7,454.68,29.37189525,3.3
Massa-Carrara,2.484207538,105.3,22.69736842,10.6184131,46.7,9.7,56.89030492,0.0,3.824252927,17.85178123,500.0,79.5,42.57246854,27748.71494,30.42,5.847734003,17618.01718,12.7,125.254043,2.950418222,13.41,33.40702483,216.8018184,3.687296211,9.2,20.11,186.66,17.7,507.2718749,454.25,0.06859319,2.970430108,0.018731988,0.110797491,563.0575726,2999.5,44.568,20.45869965,3375.907839,0.626599781,14.6,21.2,17.38296785,8.586132606,28.3,1.5,22.88624552,3.785842294,15.67627646,10.0,0.143575981,2.212377727,0.35,64.3,4.960951198,0.516968175,48.793464,28.21925762,1250.0,46.15692154,378.9324101,438.2282407,496.4529611,515.261759,2.909194467,18.92551893,35.65374618,5.0,0.385633492,15.98,63.94,20339.61,19222.1,1.03,36.9,5.388720034,1.2,77.90335372,81.7,1.182767098,2526.0,52.11049942,-0.713980885,2.807486631,0.6,64.59498251,69.9,328.98,23.20733315,0.4
Matera,1.577002794,150.4,28.17204301,10.59979752,51.3,2.0,43.38466195,31.35081281,2.70861225,21.69474353,470.0,81.9,35.20162103,28152.20014,27.55,5.797848354,15931.97972,27.3,1242.097201,13.21549517,15.82,13.21650806,199.0431465,3.411610849,7.2,41.33,105.61,24.5,410.2978957,429.125,0.096473689,2.390257203,0.033504274,0.043170045,599.4085847,2616.9,36.37,10.52016727,2909.030939,0.32119965,12.6,27.9,4.135285877,9.976377179,21.9,0.7,83.1485504,3.4945015,24.77036241,22.064169,0.138229927,1.18889469,0.51,67.3,1.733899238,0.333928691,47.85042671,6.859766921,1150.0,36.25776398,361.1726051,308.7192453,475.5851415,445.4512823,3.593404754,36.38596491,10.64794816,6.3,0.344,11.73,47.96,18103.92,15142.7,5.1,24.6,3.406441742,-2.1,65.01772467,82.6,25.36727836,1768.0,32.81474549,-0.507192831,8.214440121,0.3,64.94070818,55.3,313.78,18.30155649,15.9
Messina,1.328728016,61.1,31.61810291,9.98668877,53.6,3.6,62.24085316,48.19814439,2.278311883,41.46100853,520.0,78.3,44.68971132,25707.87415,20.62,27.92248817,13903.69865,8.1,125.0387978,161.5926289,14.02,18.71203155,226.0197596,4.070758983,3.8,62.19,73.79,40.0,454.1538977,431.875,0.101257237,2.238417491,0.021189686,0.068856183,609.692074,2606.6,37.7499,7.492658682,4920.900754,0.522384826,11.6,19.2,7.878888355,11.04685805,42.5,0.2,36.07190068,3.169119619,23.21317481,11.39526305,0.205357143,1.149004552,1.48,52.6,0.925431055,0.389515051,53.55838502,15.20602132,1700.0,41.49829847,291.8946686,347.4555395,453.4846264,411.2169106,3.641304689,46.74912457,10.13811189,6.8,0.232169358,11.44,55.42,19382.91,14201.1,0.81,13.3,4.116719165,-1.9,79.1996082,81.8,3.285279018,1694.0,27.39310312,-0.942913557,5.352417609,1.1,64.39706313,44.8,402.6,16.53849039,1.5
Milano,1.334956451,114.9,23.46063913,11.63025526,87.4,8.1,48.23438451,64.90813732,2.978010173,13.55151561,1780.0,80.1,38.84460098,52330.05213,34.3,19.39954739,27933.28802,4.0,102.1722926,19.12767796,15.67,16.14205859,169.2933494,2.849387705,10.4,158.17,199.97,18.1,872.1015711,878.0,0.069533299,3.192243721,0.080741644,0.160232647,444.6244991,4866.3,35.2776,20.50426777,3804.885631,1.381302198,5.2,41.9,7.969669714,7.468103628,37.5,0.2,155.4206488,4.803616399,30.11704337,86.1202803,0.109249731,3.040167443,12.92,71.4,4.746708345,0.475027022,115.7525291,65.78724797,4950.0,74.86802234,491.7299827,427.5752802,447.2261402,590.4062174,3.672881068,5.413885561,25.89276979,7.1,0.585382926,78.29,84.7,23375.38,30594.6,1.98,95.6,3.722974281,0.8,50.61185712,82.2,3.793353063,2606.0,88.78966049,-0.808708624,14.38786939,0.4,49.43167956,73.8,568.33,51.26569817,0.6
Modena,3.301999956,55.1,30.58035714,10.75275765,50.5,5.3,62.09283936,32.89226062,2.446528314,8.368432405,820.0,79.2,62.27862041,40207.15082,12.87,8.542061175,21351.97794,5.4,393.2909574,30.15641657,12.16,19.87898058,182.724381,2.894963898,9.4,40.58,328.15,16.2,712.3966895,845.75,0.070875183,3.393652638,0.062774363,0.129824853,512.0264947,3722.4,36.4681,19.18381885,2489.147347,1.220789007,12.5,32.5,8.23077971,9.039666682,33.6,0.7,212.3123184,4.494894995,18.82436084,22.43908563,0.07816361,1.830638936,1.43,64.3,19.38776843,0.444557375,59.16369602,7.743270604,2500.0,76.58563575,471.3842259,435.7170833,509.5041616,641.3141677,3.121136461,12.01634877,53.2120234,7.0,0.633380271,33.23,46.66,19949.17,25750.6,11.73,104.4,3.610190273,1.5,65.00446209,83.0,5.227033307,3082.0,41.90733589,-1.552836279,6.794771921,0.5,66.09744809,73.2,392.06,36.01669514,0.4
Monza e Brianza,2.679848928,140.0,24.88521579,10.93925524,54.7,4.2,69.12346724,26.64857476,2.087798197,8.469935591,1080.0,79.4,44.33026178,45682.41396,35.75,0.582018281,24164.33197,2.7,120.3828814,23.26523572,7.97,16.01593459,182.5850227,2.628481441,8.7,91.43,247.42,18.0,687.7859771,660.875,0.07904441,3.317504112,0.078635213,0.113718364,455.934391,2579.6,35.609,14.96585856,1800.449166,1.351764916,6.6,35.3,5.072508044,7.159153398,22.0,0.4,790.8047037,4.706319308,21.28954683,22.26585177,0.078897934,2.363327611,1.02,67.6,6.157002463,0.489526968,39.72580788,18.67747586,3250.0,88.73807144,438.2409727,439.9909284,444.616064,644.1407846,3.558607746,6.163242643,42.22081346,7.0,0.674198053,23.11,30.86,21236.81,30594.6,1.48,77.8,2.529336966,1.9,51.9,82.5,1.843284251,2960.0,49.02029794,-1.327584137,5.953789133,0.5,64.3564037,73.6,347.96,27.22422711,29.7
Napoli,0.385149738,124.1,25.81717452,10.04711358,73.0,9.2,79.92114141,60.54508273,2.611296575,58.72998199,1090.0,74.8,57.70335803,30744.36858,25.4,9.404148257,13520.94306,7.0,57.95364758,6.200188318,21.93,12.48892883,184.7348205,2.750477357,4.8,473.77,86.74,38.2,430.141189,687.875,0.117595159,2.526565027,0.039823837,0.085736377,585.4880359,3581.5,28.026,5.908986373,4672.506987,0.723883453,7.6,20.1,8.185155508,8.036033242,32.3,0.4,141.2550531,4.451887785,14.58448903,13.4980732,0.191054568,1.55087157,34.94,50.5,0.429454491,0.396875717,46.6205912,85.51530954,3100.0,46.99346755,380.5400566,313.3433613,390.1004988,311.4227555,3.597815514,19.8413638,12.53752256,8.3,0.362098139,95.3,48.53,21995.24,16948.4,3.54,12.5,3.715795494,-3.9,49.56864516,80.4,3.492221399,1710.0,34.33910453,-0.877067746,5.672942531,1.0,58.62764895,41.4,454.57,17.85590569,1.5
Novara,4.43450617,110.1,19.88352745,10.77616908,56.3,5.1,57.66647961,19.92521738,2.540040144,13.29103614,570.0,82.4,42.68095715,34369.5973,31.25,9.872654609,20894.53864,14.1,283.1420764,9.682182364,14.13,16.09154636,173.542478,3.58918716,7.3,26.9,196.72,20.0,687.9063719,592.875,0.088559265,3.446411677,0.051166714,0.119610758,409.2702634,2944.5,38.3312,23.21403427,2038.136667,1.05139891,5.5,26.3,5.245735079,7.923820883,29.9,0.6,197.7246587,4.676307609,22.54009536,17.16384316,0.092246652,1.352847468,0.33,64.0,4.934634226,0.506669624,49.3430407,13.85114717,1450.0,53.07501011,432.6998879,478.052163,489.0280938,582.7225101,3.434816308,13.17381738,52.10526841,6.6,0.72,25.54,38.31,20117.36,24015.3,1.63,88.6,3.208181138,0.1,73.69457668,81.5,5.33495365,2750.0,42.33232459,-0.782701013,7.728813559,0.5,62.16197653,70.2,602.92,27.81892513,0.0
Nuoro,1.319936958,58.0,30.07600434,9.484308779,52.7,3.3,34.27218927,4.371207943,5.622046701,28.36645299,320.0,79.9,31.59876029,23655.22905,44.48,4.762692244,12328.33541,6.4,787.8388214,0.0,22.24,18.58048494,172.8972116,4.680932836,7.0,29.49,72.52,23.3,481.4610423,266.625,0.115256343,2.775961287,0.012180559,0.051039759,546.7842637,2753.8,40.5121,16.9223113,2349.775405,0.292175345,19.5,21.6,11.82551453,10.29805224,29.0,0.5,7.09576903,4.368297149,15.17114969,27.20352274,0.119343212,0.88691359,0.21,49.3,0.394844905,0.39117962,54.57967687,6.351226891,800.0,33.9187364,489.4193324,418.52107,500.2228143,626.800502,3.612078043,36.27377844,1.482577995,5.3,0.769877439,9.67,69.62,16899.17,13423.4,4.35,28.3,5.587555617,-3.6,112.3271708,82.0,10.97728805,1738.0,73.08274449,-0.248533611,3.416856492,0.4,76.27113736,53.0,435.6,17.54478593,0.8
Oristano,1.469147894,96.6,31.28881988,9.361791636,61.3,3.9,25.45883427,12.21884036,3.380627309,27.59975461,300.0,87.3,26.60122956,23173.12876,32.68,3.218182732,13195.69133,5.6,1170.157093,6.488976851,9.61,16.36259512,194.745957,5.482098338,5.6,14.74,74.96,27.7,433.9276624,437.875,0.078462715,3.412328862,0.023010547,0.040864549,599.3145499,1654.3,44.2691,18.13921919,2459.762982,0.618060907,19.7,13.7,5.873676791,9.854724394,27.9,0.7,18.86649524,3.481826395,13.38545678,24.92546796,0.154384077,0.978946132,0.45,45.7,19.54891043,0.440526671,57.30750656,4.303429896,750.0,34.61465696,442.6314434,517.4816935,451.8103954,536.0220528,3.547352722,18.36734694,2.179538402,4.6,0.799,7.05,57.02,17525.33,15422.0,1.28,13.4,3.099996084,-1.8,87.39541768,81.8,10.54857274,1727.0,68.3483329,-0.281168817,7.747933884,0.6,71.69798901,56.1,294.72,17.42625481,0.0
Padova,3.521680276,114.5,25.89033352,10.83104822,51.7,8.3,50.42562996,31.9080995,2.364661331,7.432868577,810.0,82.0,58.10956192,42066.49287,68.64,8.992241987,21284.70608,4.9,380.6420047,16.18770116,12.24,18.31710991,174.9822338,2.969274464,7.0,22.99,231.68,12.5,680.4512006,680.125,0.068597356,3.171994667,0.052988855,0.103262948,517.5605554,3112.9,36.0922,19.18205095,2750.68229,1.194100944,13.2,38.6,6.454944487,8.262328944,34.3,0.5,127.114322,4.181782477,17.42619847,24.15059504,0.082548587,2.356054738,2.64,67.8,18.08397262,0.443818386,56.48937086,18.09924911,2350.0,71.62667344,481.3182352,468.4486157,472.0622351,592.0446627,3.618734994,12.52155916,34.85422569,6.4,0.571,27.88,106.85,20228.66,23659.4,2.98,78.5,2.988639298,-0.1,68.50124299,83.5,3.486923799,2855.0,33.82356506,-1.688433231,11.91821263,0.5,61.05297015,69.4,411.85,31.22637803,0.1
Palermo,1.478873239,95.3,29.97762864,10.02259081,55.1,2.0,80.35027811,56.11622057,1.649522231,60.87502913,610.0,79.6,50.68224997,28030.18984,36.51,21.39816317,11155.30956,5.8,176.9550847,79.83743314,19.95,12.69457074,220.9925586,3.129398143,5.2,208.79,98.61,36.8,497.0834833,800.25,0.11352018,2.260656814,0.027636033,0.063851372,665.5135115,3137.2,33.4816,5.689575234,4243.05536,0.458628827,12.3,20.7,6.670559199,9.684663726,37.7,0.3,30.2576731,3.865892228,19.8939134,15.53736265,0.225778825,0.872937377,1.24,53.6,1.914749316,0.429458412,49.28555017,8.006654145,1750.0,63.78249367,293.7402553,343.809888,457.5444926,422.9361108,3.680562952,12.08455045,1.934306708,8.2,0.192286951,44.56,73.11,21762.12,16728.5,1.61,19.7,3.062692551,-3.9,67.45755907,81.3,3.10344668,1797.0,38.58965197,-0.348415739,7.749498446,1.0,61.42215008,43.1,423.46,17.515318,2.0
Parma,2.317931692,103.5,27.63532764,11.40739277,57.1,3.8,66.33665939,42.14374805,2.835072001,9.164381266,940.0,79.8,45.50444881,36787.27156,31.06,9.692003765,23329.12849,6.4,453.4741419,18.04235443,13.88,22.80841659,198.7006574,3.218666502,11.6,31.72,253.78,15.7,682.1456601,805.0,0.067087505,3.084457989,0.053318078,0.127862429,457.1831632,3595.9,36.254,26.0756078,2549.399439,0.918351041,12.7,34.3,9.700090828,7.363250765,34.3,0.3,142.0284066,3.876795821,22.31902717,38.00812614,0.079160653,2.138429114,0.84,72.3,18.25149224,0.449967564,55.92984189,5.393339752,2450.0,59.3055853,506.361676,463.551734,552.7689587,535.2768354,3.328427437,22.58163894,49.34551477,7.2,0.814,50.67,50.23,21086.26,25794.2,2.2,70.6,3.370781563,4.7,71.94808671,81.4,8.375718064,2832.0,60.59684778,-1.908452973,7.658567152,0.4,60.50355113,71.9,439.5,35.36187156,1.2
Pavia,2.971835545,122.0,21.45397076,10.98160347,62.2,7.6,46.46128541,8.479739511,3.030184073,15.04810721,780.0,80.6,43.44323125,34539.50204,16.29,14.06032371,20559.09794,7.6,362.214863,4.171736485,5.67,20.36541478,206.0486007,3.850819982,8.8,61.3,303.56,15.7,662.1055013,705.625,0.079900179,3.730396059,0.045463649,0.124066863,409.1699817,3301.8,39.0037,21.13240278,2087.577463,0.956114956,7.1,30.2,4.486392212,7.832493069,38.0,0.8,126.7052471,3.984252307,18.55870912,31.06122288,0.133059711,1.850636787,0.32,70.0,11.11401456,0.506092821,46.40425011,2.817503867,2200.0,71.08743247,406.2040834,395.1838597,436.5451695,558.4339766,2.939739846,8.596491228,32.33557453,6.3,0.651961282,22.87,36.05,19805.33,21642.1,14.09,50.8,3.205901101,0.9,71.86478688,79.9,5.110126761,2723.0,30.80590187,-0.504133146,6.512505899,0.6,59.34536642,69.6,331.56,21.99858276,0.2
Perugia,2.821808549,91.0,27.05882353,11.10788798,50.6,18.0,53.66434933,28.60728618,2.798024595,13.23310187,620.0,81.1,46.25600992,30361.3316,32.5,8.261738068,16540.30321,11.4,611.6549901,13.34757074,14.8,24.03445456,217.5160428,2.860202919,8.9,28.23,232.22,20.1,592.4739356,546.625,0.071199107,2.836106937,0.037540744,0.099132761,545.6733659,3014.8,41.1703,13.93120901,3682.336847,1.046414979,16.9,31.0,11.50299,9.63764027,33.3,0.8,114.0465883,3.386231714,30.32125986,34.60477504,0.128698601,2.067429284,0.66,72.7,4.635306908,0.453310724,71.40869657,11.48668048,1800.0,31.33236953,446.4930135,420.1635261,506.5879938,657.0782033,3.16572146,33.09950283,17.98094058,6.2,0.703974782,21.06,54.47,18767.87,19370.0,1.68,41.4,3.88614527,0.8,76.89685125,83.6,7.101220027,2673.0,43.61588997,-1.514011809,8.826171978,0.8,75.42134746,70.0,488.55,24.44291519,4.6
Pesaro e Urbino,3.863838888,75.7,27.07535121,10.6404576,48.2,12.7,50.52428386,2.31841753,2.840692496,9.425677488,610.0,76.9,51.58426494,34821.31736,22.68,16.32355999,21163.04615,20.2,838.0883828,8.418925745,12.6,20.47965347,196.972251,3.557924996,5.0,18.2,143.64,15.6,612.7961055,565.625,0.06219065,3.039007001,0.043960924,0.101018131,602.7362914,2118.2,38.9617,18.86970935,2954.703024,0.987967324,16.8,24.9,9.318374988,8.979524989,21.2,0.6,200.2802811,3.675018593,22.31044872,9.540323885,0.076355748,1.778962498,1.4,65.0,21.18800172,0.43307189,53.67383993,20.14593526,1850.0,40.36124795,401.6391967,403.9779428,446.1243289,556.3919045,3.01585686,12.17798595,30.67192431,6.1,0.665,16.24,48.16,18066.53,20131.7,1.4,72.6,4.359869995,1.5,67.13043489,82.3,6.477493034,2557.0,42.88759902,-1.61091373,6.375049039,0.8,64.27918286,71.6,318.93,25.48571356,1.3
Pescara,4.045787657,106.8,23.65887208,11.14450349,65.4,8.8,66.5871921,56.37564091,2.869499728,23.41994795,670.0,81.0,43.34755902,30274.86484,46.44,10.89791896,17055.8043,13.3,348.6444477,23.30177884,18.83,17.26991728,177.6286905,3.209517969,8.0,88.8,140.58,18.9,467.7888328,544.375,0.085368438,2.910949833,0.047252551,0.110663771,729.7290394,3036.9,37.8924,11.58985538,3321.669988,0.658365743,15.9,30.6,8.262125464,11.56697565,32.6,0.6,82.68800657,4.182338295,41.29791636,26.00191502,0.193520331,2.732856884,0.33,71.0,5.669689233,0.447167215,63.37685779,10.06918132,1700.0,42.44488867,409.4003254,301.471173,431.3557622,440.9503052,3.279555609,13.04021045,7.509259118,6.7,0.477243251,32.95,69.66,19267.41,17780.6,1.88,34.0,5.176539377,0.2,69.14704184,82.5,3.323600686,2175.0,17.53793849,-0.926477159,6.558237146,0.8,61.93713114,62.2,410.13,23.1093834,2.0
Piacenza,3.108183113,97.1,25.0,10.71663797,50.5,6.3,61.85457878,26.51756936,3.703247382,8.279503652,610.0,82.3,41.29543254,33067.57106,37.25,3.973655324,27126.97351,16.1,690.0419205,13.45093292,10.44,19.07834551,188.1726938,3.555399102,6.6,37.95,242.66,16.8,643.2667429,690.625,0.068837081,3.172851428,0.038279026,0.127052007,457.6649209,2869.4,39.7644,24.20205932,2176.265565,0.778494879,13.0,29.4,7.744433688,7.638827774,23.7,1.1,108.459822,3.583252862,20.51218868,23.81003737,0.102373116,2.217724193,0.23,66.1,18.81799876,0.437098834,54.80242894,3.244301511,1850.0,72.67711382,431.7737492,352.7176279,570.1763384,499.9900766,3.031962119,16.75657451,70.44168568,6.6,0.709066402,26.46,46.65,19790.69,22410.5,2.79,82.2,3.682126199,2.7,82.56753332,80.1,5.898462353,2752.0,64.28659093,-1.781934248,7.79147188,0.4,63.09756617,74.1,293.14,29.9606227,0.1
Pisa,2.91543744,109.3,24.51708767,11.04053535,55.1,21.9,57.10481626,20.26316702,2.543074983,12.68175542,930.0,74.6,44.46659062,37792.0431,27.23,5.112230602,19374.35793,4.7,272.2166708,8.882375147,11.13,28.01557543,184.0927946,3.313922075,7.3,29.13,286.99,20.1,570.081047,791.5,0.073524383,3.029888517,0.036027419,0.134646513,600.3957707,3219.9,39.344,15.37803926,2660.372671,0.974523433,16.2,29.0,9.605571231,10.9503512,47.8,0.6,211.9773613,4.137883866,27.43351144,26.94370811,0.107588279,2.521462448,6.64,68.2,17.02958586,0.508872002,58.58437894,17.42666648,2600.0,36.18762048,421.4929991,451.6119444,462.8057506,672.6430526,3.354571546,31.98944591,23.84280812,6.6,0.632663963,30.07,67.49,20078.85,21653.1,3.55,48.2,4.466590623,1.9,65.0881864,82.9,1.916050288,2892.0,16.87956717,-1.179264125,10.3316613,0.8,62.80522685,71.9,309.49,28.91530753,1.5
Pistoia,2.905905662,132.1,25.84856397,10.20137036,48.8,23.0,52.2697131,3.825943895,2.802430378,14.13937879,670.0,77.8,62.01795619,33482.78335,34.12,7.385395272,18096.25575,4.8,147.7033833,41.81775164,17.4,36.28503984,202.3712619,3.129094041,7.0,21.84,324.51,17.9,538.3485948,345.25,0.075794472,3.320954584,0.055294731,0.134177523,585.2368003,3056.7,41.3382,17.43971336,2681.108571,0.767122318,11.5,24.9,8.940268689,9.077811285,22.9,0.4,83.29404602,4.310239864,17.38538404,22.22602027,0.121350176,1.753668089,1.02,58.7,7.384938142,0.487844343,53.73789195,22.38003789,1750.0,47.6061969,368.448878,332.7317894,482.9989517,570.4108021,3.353082816,17.39816032,20.85915241,6.0,0.373806926,29.0,45.72,18043.17,19434.9,3.07,38.4,4.050629429,3.5,70.03982475,83.4,6.901202851,2764.0,31.08346919,-1.007132195,3.385477469,1.0,64.90235303,66.5,326.56,23.88349122,0.5
Pordenone,3.829132796,105.4,21.03688933,10.6582937,47.8,3.2,53.23583549,5.146865478,2.413786409,5.54912023,390.0,83.5,47.45387597,37412.69284,9.92,8.401246637,19950.24235,9.9,524.2557977,9.68147933,3.52,11.94576423,189.5398307,3.235638618,6.3,5.12,142.67,10.7,649.9944994,603.375,0.064636444,3.295266659,0.054936306,0.123005345,524.3553674,1841.2,39.0702,23.45837998,2319.875685,0.951140561,8.6,24.4,5.500585651,7.733176297,25.6,0.3,252.8813781,3.725919945,19.24881414,18.92443542,0.075094458,2.297303419,0.2,70.9,17.1775837,0.469079731,48.43751011,3.899175205,1250.0,49.97811808,479.3850917,457.0176164,509.4287019,586.7746649,3.082829047,8.098859316,44.42132846,6.7,0.864205381,5.76,34.55,19682.15,23312.9,1.28,164.0,3.109448712,0.8,80.11669156,83.0,13.07197572,2630.0,67.42832881,-0.857367767,10.01721709,0.4,72.99681973,73.1,473.74,28.74840592,19.5
Potenza,1.482743928,76.4,30.06177076,10.20571351,46.6,2.0,38.67805732,15.32899446,2.838004981,19.6062374,390.0,81.0,37.75817374,23404.03059,20.78,7.660036708,20166.16307,23.4,632.6625948,7.511624239,11.91,14.79472894,206.4905428,4.348783752,7.0,25.21,85.33,27.3,354.6150762,320.875,0.092332655,2.704303706,0.028603688,0.035928606,606.1746688,2046.3,37.6587,7.658942398,3439.271138,0.343801191,28.8,27.4,10.16598799,10.58957083,22.9,0.5,309.2860896,3.63922013,11.19953011,17.79242981,0.132594133,1.157793077,0.08,62.1,0.0,0.34095382,44.00743247,1.93137226,1150.0,36.25776398,365.8466058,343.3071538,389.0938837,378.771537,3.211205103,49.28527848,37.52428446,6.3,0.628181063,5.82,42.11,16762.63,17236.1,2.22,38.5,2.798470584,-5.4,73.6696672,81.8,7.764028614,1776.0,31.25767598,-0.80635753,11.38392857,0.8,76.75486452,54.2,343.27,23.40213283,0.2
Prato,1.943616493,95.5,35.94771242,9.642566237,50.7,9.8,76.55426106,70.61649403,1.972294149,8.330501822,480.0,78.0,66.13629529,40150.48029,38.74,6.386800612,17748.72973,6.1,319.619968,9.795177679,18.59,26.40703465,181.8251024,2.851039067,7.8,37.96,274.26,12.1,610.9503333,740.375,0.084502378,4.310915769,0.073179151,0.307694623,568.4656941,4426.1,35.4995,16.38097693,2847.425091,0.566557728,9.6,20.8,4.686639562,8.514061871,24.7,0.2,199.1808658,5.813113372,28.99858229,15.33786817,0.11352573,1.952766484,3.25,52.3,4.571144366,0.503821686,47.76076267,9.147769708,1400.0,59.4027986,458.8899911,440.2866919,541.1198253,691.8556579,3.499131442,19.70260223,32.89241119,6.6,0.71925186,84.83,100.72,18687.82,18302.2,1.55,69.9,3.530601804,0.4,54.26689315,83.3,6.143804763,2849.0,37.73900164,-0.847280693,3.029442393,0.5,61.87696313,73.1,299.82,29.35868113,1.2
Ragusa,1.559499371,87.8,22.27488152,9.808263078,60.0,6.2,78.65188226,23.42143906,2.209874583,29.9349103,350.0,75.4,43.09890459,24135.1612,29.26,42.6792916,11233.2275,8.7,939.5680064,22.40708064,10.27,15.39535799,181.2620098,2.857596444,4.9,57.59,172.47,33.4,511.6208922,377.75,0.101458851,2.323061473,0.024451776,0.070141128,593.5687358,2689.5,31.697,5.664708684,3507.083111,0.589405301,17.5,22.2,9.207810764,8.890300048,23.5,0.7,26.40052328,3.591627464,16.06921734,3.952407561,0.17304538,1.238291792,0.15,49.4,2.148985258,0.420837828,48.84902365,13.39853486,900.0,38.66032923,364.4224191,388.5977208,467.6243323,423.5447208,3.546779462,43.06173212,7.654270063,8.2,0.700321645,12.76,43.27,17432.67,13711.0,2.18,17.8,4.162565487,0.6,75.73048581,81.9,3.136117142,1719.0,17.17155107,-0.956075776,3.604902668,0.8,74.0646175,56.4,331.86,16.65830144,3.2
Ravenna,4.973593571,136.4,30.21148036,10.73008891,58.7,7.1,58.17299298,20.2715601,2.883701907,8.643339917,790.0,73.2,63.5242772,38834.24459,26.18,7.986645282,19332.47478,3.0,1275.014123,35.94286975,12.58,23.91406361,205.6643464,2.873347502,5.9,26.18,410.9,19.5,700.8767593,674.75,0.061945749,3.59676578,0.041587452,0.12532603,544.4050291,3484.3,41.2235,22.16619338,2604.733848,0.989101247,12.2,28.0,6.471503382,9.474280951,28.6,0.4,99.5304121,3.727177882,30.66716023,16.30409346,0.061459543,1.682590879,3.55,69.8,27.13701793,0.435643173,70.35300757,39.63929932,2050.0,52.3527522,566.2847793,487.344405,604.6659591,656.6196551,3.164097982,3.378602186,38.33007775,6.3,0.621489813,24.13,61.08,19262.58,21355.9,3.08,95.9,4.159882374,3.1,72.20955563,83.2,13.14298616,2743.0,31.05787296,-1.438319343,8.414316189,0.4,70.97610245,72.7,332.88,29.93001655,0.1
Reggio Calabria,2.192286519,87.0,30.9602649,9.978472392,47.3,1.2,41.84427441,27.59327632,2.147797321,44.10675559,370.0,69.9,45.30504039,18573.59961,27.34,16.55682713,12813.03909,21.5,149.6259894,13.09854663,17.55,18.37872446,212.0041019,4.177855089,5.1,152.97,78.15,34.5,368.7203989,503.375,0.117602484,2.034894466,0.018421688,0.092429675,609.5524859,2597.9,34.8061,6.870862499,4828.782849,0.48782601,21.9,17.1,8.165807674,10.08382297,26.0,0.3,16.69068126,3.30647248,8.558905858,22.82433438,0.227677602,0.892541769,0.51,52.2,0.455892403,0.386294182,40.84423057,6.253907524,1050.0,27.038664,299.9268298,308.2490125,459.7865376,350.9768607,3.477682252,21.62474036,2.538599768,7.8,0.375848623,12.38,41.94,17989.85,15045.1,4.8,9.2,3.754372505,-4.7,76.26191717,82.1,6.697069537,1753.0,9.947848496,-0.86724375,7.407407407,0.8,65.94237155,42.7,416.24,16.29881212,0.1
Reggio Emilia,1.59981307,124.8,30.73047859,10.70400066,57.8,3.7,61.21538868,36.758809,2.614235042,9.090926363,670.0,82.2,56.62212714,37254.86463,17.49,6.690564071,21135.07958,5.5,333.0634684,18.71503724,10.72,18.64388647,190.3197194,2.944814182,7.7,28.21,219.28,15.3,677.5865443,803.875,0.079404467,3.591581656,0.060097216,0.163036486,477.290404,2966.0,34.4032,20.15677811,2911.953236,0.879691338,20.3,27.7,3.799760235,8.834442547,25.2,0.6,166.5803878,4.394816653,23.61740974,24.66619947,0.065314291,1.253920878,0.42,65.7,45.74820126,0.439768204,47.62619479,4.757883067,2050.0,61.37597868,421.0890417,453.1753084,475.8643175,583.2154949,3.12613539,5.456234038,60.55692662,7.2,0.84666811,20.69,44.76,20125.22,25421.2,2.26,78.2,3.197498238,-1.3,66.64671623,82.5,8.53375604,2907.0,29.55768955,-1.742578845,7.463718037,0.6,64.95762737,73.7,324.96,33.42115379,0.7
Rieti,3.876732036,100.0,25.67287785,10.5967459,57.1,6.4,32.59876497,22.2022171,3.553814912,23.32726745,370.0,73.0,47.94683124,27182.77087,20.1,8.576801358,15558.80608,32.5,194.1428764,0.0,7.13,17.70238943,232.9958198,4.945011472,6.7,20.75,202.29,19.9,481.0836828,288.875,0.104095129,3.262113697,0.03075346,0.090105558,557.7566023,2384.1,41.8994,12.52340639,3017.743212,0.621144615,17.5,25.2,7.252683493,9.824089459,21.6,1.0,33.56028233,4.508457332,13.52295804,21.5216124,0.155227033,1.054935781,0.05,64.3,11.57,0.421684265,48.47429913,2.526684078,1000.0,38.51276743,400.7684534,407.9778069,512.2774258,561.4832264,3.237037037,18.3423913,14.17214631,6.0,0.57,6.48,40.2,19718.28,16207.4,1.95,32.8,3.599968352,2.2,100.0029501,82.4,1.376703302,2050.0,23.69932898,-0.614727934,4.243281471,0.8,73.7081376,62.6,448.67,18.28092508,0.0
Rimini,2.459449684,114.3,19.23076923,10.59673767,59.7,8.6,59.85684242,2.984171494,3.681314423,10.47162556,1090.0,81.8,85.93111918,39185.77479,33.84,23.76316169,23508.21514,5.0,308.6035468,12.06774025,20.6,21.54877518,232.9662213,3.070246037,5.9,33.26,198.65,19.9,642.3133559,764.0,0.066893651,3.22451432,0.051282051,0.127553575,621.8458478,4603.4,36.6244,22.61042453,2797.037626,1.059145656,13.1,26.9,12.51944986,9.121313469,30.3,0.2,137.40359,4.656519127,43.86576765,32.74780686,0.087007261,2.861588539,2.05,60.1,15.66764574,0.376255627,130.6225744,188.0338639,2800.0,62.66902263,386.6741797,335.1995774,418.6991385,550.7262304,2.929180257,13.32791548,26.81140957,6.4,0.717303366,75.05,72.98,17983.92,16202.2,1.77,77.7,5.681445579,2.4,61.17164416,82.5,8.122848711,2300.0,31.39721195,-1.023662719,9.28118193,0.6,62.38028624,68.5,413.48,26.76670792,0.5
Roma,0.851314451,115.3,23.94366197,11.98480098,82.3,5.7,81.92511117,63.14323792,3.015667563,24.01369291,1620.0,73.5,44.75696307,45464.90634,32.4,17.84612191,21716.93221,6.7,123.9816953,7.10667402,15.55,15.69849545,188.837869,2.793555096,8.4,292.67,198.07,21.9,680.2169464,846.25,0.077924354,2.559707835,0.044582529,0.14041098,640.2220273,4150.5,33.8946,13.03187539,5023.203585,1.249028484,6.6,38.1,10.64436743,9.085558952,42.0,0.3,69.62473379,4.389002223,31.46262124,57.16169939,0.175742843,1.752772503,21.94,73.4,1.313602399,0.499854646,82.33489167,58.64839852,4950.0,51.26041477,498.4323944,463.1476983,377.1723634,611.1274708,3.515461527,15.6288279,7.094208453,6.6,0.453566143,51.14,82.99,26332.41,23282.4,2.31,40.0,4.750699453,-2.2,54.00391459,83.0,2.462704151,2266.0,77.60088437,-0.884570914,5.84926973,0.8,63.65267876,67.1,425.22,35.02786237,1.7
Rovigo,2.671351291,101.0,28.32674572,9.869062061,67.5,2.9,34.716861,10.87488559,3.557556651,10.22416526,400.0,82.2,43.58333478,31193.8852,12.85,5.73991594,19670.22277,10.5,1634.412345,1.996446326,5.57,16.70287653,212.3565351,3.87542891,5.4,13.71,228.81,21.9,538.375455,425.5,0.07087308,3.746695782,0.027522936,0.095851052,460.487261,2422.2,42.9567,16.56114469,2914.108242,0.522955936,10.7,23.1,7.83794611,8.447564141,25.8,0.5,76.60621385,3.401907827,18.75446327,16.52291762,0.100592848,1.828854092,0.3,55.4,15.4535788,0.445290033,59.84707296,16.95351775,1150.0,58.1333143,378.7902798,388.2788532,506.4155183,524.6223463,3.082956746,18.97466117,44.34514298,5.1,0.628498468,10.71,35.56,17312.17,19875.8,1.29,47.5,3.457405117,0.6,74.6865836,82.2,11.19215204,2688.0,34.17232456,-1.048216759,10.45421774,0.4,70.0425327,66.2,402.77,23.2625486,1.7
Salerno,0.802090844,110.4,28.07302231,10.79494359,43.1,4.7,47.06828444,37.17578894,3.558080125,32.55373622,810.0,76.2,49.06821266,30430.46791,26.08,9.881992271,16002.05617,11.3,255.3914736,32.58563201,17.84,14.14818948,205.260866,3.292107591,6.2,182.84,112.19,30.2,406.2925754,351.375,0.112765501,2.697122849,0.039732587,0.057988967,591.3334134,2841.7,32.7599,6.738311856,4437.12719,0.561923262,11.9,24.8,7.067801607,8.053573936,26.4,0.4,63.78860701,3.908598421,14.94747042,14.77071363,0.184553036,1.580955623,0.84,64.2,0.244304222,0.356041819,48.28889453,18.96769988,2450.0,45.32333833,338.5507037,311.6039937,463.6325573,383.0906305,3.482549511,43.80113471,15.22742435,7.4,0.603677646,25.17,40.63,17765.14,14026.7,3.39,23.8,4.441555326,-2.3,66.63267687,81.9,4.780177486,1722.0,21.51298316,-0.875378951,7.510936253,0.8,59.84566953,50.4,383.98,17.62848793,1.1
Sassari,0.629244002,84.2,30.09708738,9.863678102,45.0,4.3,75.46159812,36.17635468,4.533813392,32.72827054,470.0,83.9,23.83941861,28227.01605,15.11,6.040931546,11712.91045,8.8,516.8345978,16.71502083,13.28,19.80608957,167.3136064,3.617072583,4.4,38.8,109.06,33.1,525.2800113,530.25,0.083385569,2.383724054,0.018742828,0.065171839,609.0689808,2748.0,36.7185,20.38927185,3249.375894,0.684219284,12.5,15.9,6.652087508,10.12364568,34.5,0.9,16.25565485,4.556118703,11.62036537,26.86453649,0.174968867,1.247266408,0.41,49.4,0.465126159,0.471954993,67.23389571,14.94159482,1300.0,27.52956855,479.4956346,388.5284321,443.2962257,464.7533312,3.637209923,13.25803649,2.013642993,5.4,0.5693,10.21,72.5,19662.86,14913.6,1.23,36.8,5.602304948,-0.5,77.83362879,81.8,5.011061909,1663.0,81.45989135,-1.239433184,4.057187017,0.7,66.7321994,53.6,426.85,18.85642111,0.2
Savona,2.23194938,0.0,18.06515301,10.81403289,52.9,11.8,67.25071863,6.703837987,5.417351897,15.55628316,700.0,83.7,43.12673478,37074.91942,89.36,13.47265687,21481.57505,15.3,121.2076774,10.05336662,13.49,26.08671484,213.029788,4.427643378,9.3,28.81,291.05,17.7,597.5420998,399.5,0.080430674,3.493317132,0.026322203,0.119515323,705.4006909,3502.0,49.2599,28.27217728,3203.951208,1.120662575,11.6,29.3,11.90626791,8.557630057,30.1,0.2,73.79657756,4.256109086,27.21698429,31.41356648,0.112838516,1.823147273,0.61,71.5,2.863901798,0.43085726,70.31023269,37.24328548,1750.0,40.5371124,407.7585624,456.5601423,519.9323855,677.172636,2.887526882,3.566878981,21.83186064,5.2,0.422540501,27.72,72.58,19321.83,19094.3,1.09,119.3,7.058184443,0.0,89.43488108,82.1,1.138481718,2209.0,37.34856944,-0.586318534,3.49726776,0.5,58.25735068,67.0,496.02,26.43539659,2.0
Siena,5.37855673,116.9,25.30120482,10.70210724,66.3,33.3,47.2058238,19.16278587,2.436192254,7.680456577,1060.0,76.6,49.79015353,40751.02346,36.43,4.346764347,21680.2251,6.5,297.9161385,16.56741558,11.64,25.10399353,189.5917784,3.491116626,6.5,12.39,177.28,14.9,594.8976572,698.375,0.069869307,2.877390406,0.039247486,0.088921335,580.095353,2159.3,42.9573,18.39287205,2679.083793,0.869997901,17.8,26.1,12.14301435,9.296995363,49.5,0.4,73.84395143,3.657277162,33.50713023,47.09620436,0.124862573,2.125027512,4.45,65.1,1.723573963,0.431824347,68.38414426,17.29578954,2650.0,54.017991,437.0304593,446.5128819,490.6781258,689.035271,3.306339108,17.45320327,29.22128571,6.0,0.458406521,6.01,22.54,20178.92,21722.0,2.25,61.2,4.940688964,0.9,77.22300348,83.7,13.55048619,2791.0,34.07987021,-0.951622297,4.692387904,0.8,66.6445244,73.3,542.75,29.47314371,0.5
Siracusa,1.807613694,100.6,28.52941176,10.40999536,48.2,6.7,88.75557734,31.40367516,2.466030622,50.95083206,410.0,75.3,53.0416534,25083.51657,18.13,18.82193636,10379.11922,7.6,691.4932347,1.6752804,19.65,13.6905041,200.8778344,3.156933221,5.5,129.21,242.55,38.6,510.8771875,351.375,0.092832318,2.367400393,0.020293681,0.052636881,686.5033314,3377.8,34.3738,6.44738919,3272.548152,0.612825206,12.0,19.5,7.504185524,9.212034643,24.0,1.1,60.59973304,3.581322722,12.36120491,7.812178776,0.205004812,0.802171556,1.65,58.8,2.193956535,0.450044607,42.06225369,9.401690732,1050.0,35.27902715,349.9656119,352.6389247,457.857895,371.0428283,3.738969998,29.91942591,58.33437012,7.5,0.4194,21.41,85.13,20813.19,17017.6,1.01,11.8,4.233395696,-3.1,68.88681911,80.9,2.511605463,1836.0,28.12743036,-0.436050224,3.137044008,1.1,70.59012812,43.8,437.74,16.80622076,1.6
Sondrio,4.222335543,96.2,28.04085422,10.31009337,62.1,3.8,33.33725582,25.94597422,3.157882991,6.349241773,460.0,83.1,45.75024828,42356.511,24.32,5.69144251,24271.49983,2.5,291.0005644,4.644034737,15.47,23.19049399,152.2047882,3.905508999,8.2,4.97,80.14,11.9,630.5779037,421.5,0.088627613,3.121562156,0.029723992,0.064906491,505.0833555,2062.6,38.1848,22.70718725,1966.108819,0.924714548,9.9,17.6,8.926877713,8.536326813,22.3,0.5,75.11640539,3.650990099,20.77730788,6.348424042,0.059165346,1.896961514,0.1,67.0,20.80192044,0.310709287,69.84165951,10.26948013,1450.0,40.86444873,502.2332133,415.4126499,529.631654,551.9726192,2.969588644,12.39721695,16.67549137,6.6,0.549179025,6.08,42.0,18015.81,20474.9,0.55,109.0,3.135565797,1.3,96.91166181,80.6,4.610259941,2412.0,40.9338559,-0.213666358,3.580729167,0.6,59.75661326,69.7,505.69,26.81969852,0.1
Sud Sardegna,3.239629757,45.4,27.55043228,9.676601471,62.2,2.9,45.21532634,9.100286759,2.745086702,26.96734032,470.0,83.2,23.89997624,22354.9326,11.06,0.0,11307.41113,4.7,722.5110776,0.0,9.9,19.34458562,193.8990668,4.136365103,6.8,39.72,82.27,23.5,407.7810601,175.625,0.074130619,2.694373763,0.026973797,0.068377156,598.2516929,2373.0,42.6032,9.601148795,2914.184491,0.215795754,0.0,26.5,9.855505154,9.094136042,20.2,1.6,47.24189992,3.566581849,10.42598693,30.41139869,0.135539294,1.419192742,0.36,51.4,6.615101299,0.433374869,34.23208822,5.313541192,1350.0,33.9187364,405.0678231,406.7707045,372.1904472,518.255393,3.691178059,35.14108689,3.079101303,5.0,0.706802836,15.04,64.92,17694.62,17568.5,4.11,10.6,3.992136621,-2.0,71.32152191,82.3,6.559500083,1768.0,58.32921746,-0.232655212,5.757956449,0.6,70.56555984,52.5,441.18,14.26612279,0.2
Taranto,0.91634849,198.7,23.05194805,9.359759112,38.2,3.6,84.38710943,16.52791217,2.45336114,36.37366797,400.0,77.3,56.58622118,26917.22139,23.05,17.54310669,13358.6514,10.0,886.5828656,0.5210708,17.11,14.95027212,238.357214,3.196154615,4.8,122.04,149.97,30.3,422.8137588,309.875,0.092440588,2.661819887,0.027819711,0.040806754,638.1039406,2497.9,37.2395,6.321065337,4180.114907,0.462698153,14.7,15.4,8.035025569,9.445618947,21.9,0.4,295.8164673,4.248749218,17.07175099,38.25395794,0.178571429,1.017769905,0.15,47.1,3.504516986,0.448273747,36.91826415,8.690377322,1000.0,33.65638609,321.8593347,339.9932692,393.5294656,374.9295929,3.785526316,20.38276453,12.55408687,6.4,0.2515,20.43,66.34,19891.31,17168.8,2.1,28.1,3.344356198,-2.3,69.5082511,82.6,7.850528796,1781.0,26.27249272,-0.457261842,3.535731284,0.7,58.23220642,49.1,296.1,17.25677896,0.2
Teramo,3.492192071,118.8,27.30978261,10.50927166,59.1,10.7,58.04209084,11.46806034,3.217213251,17.22584108,320.0,83.2,39.91862538,26285.07107,52.37,7.757626586,16423.1911,22.4,980.4162526,3.68864175,18.54,18.27506014,197.7079658,3.412697887,6.7,67.01,196.15,24.3,441.142558,319.75,0.079137087,2.891970723,0.035915188,0.133371856,578.7953718,3086.1,37.1358,9.671188215,3007.991615,0.684744835,15.3,31.7,10.60255654,10.1055617,23.1,0.2,146.9778493,3.678938969,24.2102752,21.11663298,0.15858209,2.286176254,0.07,61.3,1.869822928,0.428612014,60.7062628,27.10586068,850.0,39.39530235,360.1830163,373.3294955,442.6689752,513.8746558,3.059900403,39.50815038,19.47861646,6.4,0.693778843,15.29,53.02,16553.97,16495.6,0.98,27.6,4.983201574,-0.9,77.7192042,82.3,6.48855932,2182.0,30.40656927,-1.298792548,7.127922448,0.7,71.75258503,63.1,399.79,21.81633113,0.1
Terni,2.917558887,106.5,22.6,10.85487224,48.2,11.0,51.71457947,42.12462705,2.701824972,16.89655483,370.0,81.6,31.57391453,28327.20927,19.12,6.760318789,17140.30546,12.6,713.9623369,8.16115562,12.01,22.88934245,218.2619011,3.473130599,5.9,21.34,213.89,14.3,514.4428106,450.375,0.083284537,2.972839061,0.041827542,0.097563173,536.3148626,2509.8,45.8885,14.69810827,2926.043949,0.601777889,16.1,34.5,8.570062516,10.73513094,31.5,0.5,61.48358182,4.08990586,28.2812063,24.69756507,0.136538462,1.488484542,0.63,69.0,4.694397178,0.431026829,59.16951584,6.940476063,1200.0,49.40410747,434.5964632,423.4720998,501.1873375,569.1497104,3.11793733,14.95391705,25.86507187,5.6,0.731713951,15.12,48.91,20630.53,19764.9,1.33,42.4,3.775338066,0.8,76.42859811,82.9,6.111547701,2352.0,38.48080789,-0.412186551,9.833333333,0.8,67.43581529,63.6,419.78,22.84903908,3.5
Torino,4.725774037,130.9,21.02542008,10.87017782,65.4,3.5,68.61890896,55.95587561,2.69905594,20.32267568,1100.0,82.9,48.84373944,36067.31749,27.93,14.33827941,21563.35529,4.0,199.7162843,15.4,17.23,20.71055845,186.7328441,3.321289329,8.1,135.55,243.08,18.8,788.4067572,840.25,0.093290454,3.456732454,0.04516129,0.13199903,460.748751,4232.6,41.2878,16.2440872,3554.106004,1.359749116,6.2,34.0,8.359707835,8.70313367,29.9,0.2,195.690538,4.880119297,23.24495842,26.87024081,0.099826285,1.753279265,2.96,66.7,6.930693335,0.510759053,58.60652256,10.49567388,3050.0,76.62468369,428.4148882,464.795543,434.2641207,614.5994937,3.241519251,3.833996125,26.62545824,6.4,0.507729693,47.06,87.55,21303.53,24580.6,2.0,122.2,3.886134453,-0.1,63.75539374,81.8,1.894160036,2608.0,17.08046682,-1.013664146,10.50494167,0.4,65.36484492,68.1,606.07,30.4129336,7.4
Trapani,0.568693427,75.4,25.90361446,9.596323303,55.4,3.0,68.12162453,5.471822329,2.244462345,48.99572859,340.0,75.8,36.02852069,20706.08954,36.42,50.38509531,9931.239139,11.5,487.9207641,4.540982366,24.74,15.08476371,213.0104024,3.346376233,2.6,40.38,258.18,35.6,473.4978954,278.375,0.097530556,2.407084061,0.021519543,0.060904631,647.9194065,3171.3,36.8777,5.780386889,3342.362756,0.429255167,13.6,15.2,6.453725592,10.20644751,22.6,0.7,16.06452149,3.824727696,15.86899415,15.01749527,0.243513399,1.075620932,1.33,49.8,1.21910611,0.396427135,46.95443909,13.3660186,850.0,36.6853478,280.9663953,364.8089046,418.7437764,436.2019644,3.471572872,5.182257356,4.32535859,7.3,0.638762418,24.28,59.99,18347.27,13498.0,1.63,11.5,3.912869924,-2.2,83.2673136,81.9,2.08679644,1706.0,30.55219458,-0.640433051,2.550239723,1.0,64.41018253,45.8,445.87,15.25372729,0.1
Trento,4.427172793,70.7,34.91557821,10.97595717,69.0,7.6,48.75369533,37.50640225,2.819667918,6.748111502,1120.0,65.1,55.08816052,34993.06895,13.82,9.143043736,24159.67287,14.6,343.0801912,20.81104817,9.77,16.67370972,161.7219727,2.827010803,10.8,9.77,111.84,14.6,694.4038036,821.25,0.091998514,3.018395793,0.054491564,0.076222313,506.4613366,2106.9,35.4643,21.47959137,2724.162159,1.775970435,10.2,33.5,5.507163902,8.370889132,23.2,0.4,54.47555373,4.185482767,16.45540574,39.89261251,0.064176245,1.89079294,1.06,70.7,8.672167895,0.256076911,89.39044874,26.7513527,2950.0,59.19778206,624.2744773,481.8267251,546.216501,561.6349039,3.094151135,19.75811931,20.075809,7.4,0.830559412,17.69,59.14,19865.31,20857.7,4.42,109.9,3.005075769,3.5,83.20180602,82.6,9.520303953,3052.0,75.23339767,-1.236018742,15.97915762,0.3,64.0,72.7,253.53,34.26774923,1.2
Treviso,4.028323621,133.6,28.69822485,10.61242347,59.9,12.7,47.66031943,16.36827762,2.364276197,5.573587527,770.0,83.6,52.85000057,38756.73013,11.48,3.684416092,22077.54393,6.1,381.4242492,26.94912474,5.4,14.84380516,165.7812418,2.847153416,7.2,13.4,218.96,14.4,701.2891911,661.875,0.066999783,3.356263618,0.055060101,0.112552335,512.3568825,1944.9,35.5636,21.0178004,2349.93556,1.473927452,12.2,28.3,3.872128646,7.710091451,20.6,0.3,204.7606124,4.132014557,22.75786668,35.10841828,0.067993934,2.323277187,0.48,65.5,23.24909284,0.446577188,48.51891079,8.898718374,2000.0,67.1563028,451.3514752,475.5390945,449.6913383,693.3737064,3.493002884,12.02116935,51.36402112,7.0,0.874515187,11.82,25.1,19039.79,23612.8,1.58,76.3,3.158062569,-2.3,70.35483036,83.5,4.362721572,2765.0,25.62112275,-1.634409585,7.228185596,0.5,60.69704462,71.9,426.65,30.71995012,0.8
Trieste,1.822673877,110.9,12.5,11.91827076,52.5,23.5,84.18035126,75.54327617,3.146380791,16.80829738,750.0,80.6,86.87845906,35083.97375,27.44,65.25858052,20292.60034,6.2,120.5608062,3.465655355,20.58,13.10759576,194.4201508,3.050507692,13.9,27.01,109.31,13.9,772.6107988,642.75,0.079561998,3.620482309,0.041028176,0.181467181,679.0431461,3341.5,47.297,34.35089554,4594.993143,1.525292937,8.3,41.8,5.229441757,8.149213405,43.0,0.3,102.4512311,5.202860941,43.38693511,55.81572511,0.106570775,3.137665054,34.77,75.0,2.147892403,0.440742936,63.90377827,71.34934592,1950.0,43.67526951,476.0727436,439.503317,531.3703795,648.0271579,3.273412948,4.372080955,55.74307742,5.9,0.449274246,24.43,92.59,22664.75,24762.1,1.71,82.8,4.218416351,1.4,61.20697371,82.2,53.31975045,2427.0,225.334647,-1.969067774,12.75917065,0.2,54.25207611,75.2,598.43,31.5632259,5.6
Udine,3.840620665,147.3,24.9694501,10.86030059,50.0,8.6,39.90957596,23.62149523,3.498173537,8.278310178,410.0,83.3,66.12904458,37283.53085,14.82,52.19494,21678.08397,5.8,623.373001,24.9206278,8.36,16.19931756,183.22412,3.629999847,8.0,9.12,169.69,13.7,632.4892628,641.0,0.065573439,3.103552991,0.038125496,0.110699464,524.2820167,2176.3,43.6881,31.65436288,1921.087548,1.20907782,9.2,31.6,5.540526083,8.903052257,29.4,0.3,172.4927827,3.52667274,28.34838828,29.05466982,0.09251952,3.534473535,0.56,71.6,12.24437059,0.427376374,67.71287083,20.92135378,1250.0,46.31579448,439.3413097,542.4399306,472.9106329,643.8467268,3.101066065,6.373008435,39.32659958,5.9,0.706865768,13.11,34.58,19552.01,22222.1,0.95,81.6,3.989178779,2.0,91.32457207,82.6,12.82842795,2699.0,82.28377758,-1.598025603,8.95984361,0.4,66.7612497,70.8,453.77,28.63402576,0.9
Varese,3.62745765,145.1,19.50070655,10.73141224,54.3,7.5,67.38976021,18.27437277,2.351326073,9.892843627,810.0,80.8,50.07790401,41581.66829,21.62,8.203941927,21488.61783,4.4,158.8946246,11.13861386,11.65,16.26098242,181.7765001,2.795680106,5.8,49.63,183.07,18.7,710.8869011,413.0,0.080515062,3.116475523,0.065832974,0.101193793,488.0609748,2752.3,38.3045,19.84114627,2065.831064,1.803302767,8.0,27.5,4.318530245,7.580157035,26.0,0.2,282.9581732,4.547854398,16.71157559,28.58338084,0.082447035,1.795599418,1.89,67.5,3.376188571,0.520992854,55.50561466,20.44076713,2100.0,59.96168582,410.6522445,457.2625027,424.3230902,675.6755764,3.625226263,12.56152972,40.63541747,6.6,0.641613292,24.76,49.63,19861.19,25000.1,5.94,76.0,2.849093506,1.0,66.05987348,82.1,1.853112633,2874.0,35.56703254,-1.412491475,4.506128335,0.5,65.54405109,70.6,373.32,27.75800407,1.7
Venezia,2.465306311,99.3,25.47914318,10.43553168,81.6,5.3,59.97314826,35.15387048,3.343053259,8.454911489,1640.0,83.5,54.46638084,40723.57955,19.49,15.50305283,19516.66307,7.7,232.5499846,22.36592975,9.28,15.62377245,192.2736392,3.060708803,7.4,25.36,273.46,16.6,678.2637477,795.875,0.070746195,3.478170451,0.034948605,0.124595448,598.1179037,3475.6,39.8755,22.39311839,3103.767758,1.195652396,10.0,26.1,7.117927449,7.853446619,22.5,0.6,140.4214747,4.086460351,28.86675477,50.70821576,0.110386112,1.565944039,7.01,62.1,11.56596065,0.460315385,83.6842867,170.1467684,4100.0,60.21854152,453.4561981,379.454853,491.4878418,578.2294385,3.357779349,11.34545039,19.81549934,6.2,0.626,28.3,57.06,20955.1,21146.0,1.76,82.8,4.706136365,-0.4,67.02704943,82.5,3.101259615,2438.0,46.45382608,-0.994036832,7.779772591,0.5,43.21404958,71.3,518.16,29.3181574,6.5
Verbano-Cusio-Ossola,3.98476112,122.6,20.51792829,10.31794754,56.1,1.6,30.23549432,3.529670088,4.269177442,10.5955567,570.0,82.1,48.45709864,37419.67429,36.84,5.14301182,20069.08071,13.5,103.5596577,51.70005435,18.42,22.94691903,210.275923,4.514235966,5.2,13.97,55.25,26.9,622.0359204,562.0,0.076385112,2.983914834,0.034042553,0.091770922,433.3297698,2287.6,44.4838,17.85831748,2507.111232,1.427488079,7.3,29.0,5.80401767,7.738690227,26.6,0.7,100.4937447,3.784287823,16.97352723,13.34873874,0.074597566,2.063650727,1.07,62.0,25.33640954,0.431261083,58.90433044,17.17423446,1550.0,48.87139763,383.6261985,399.2719497,465.8603255,592.3627515,3.289393208,8.807482463,18.26215248,5.5,0.793668955,8.26,47.63,18100.38,19779.7,0.64,113.0,4.959210654,1.6,96.75286907,81.6,11.44149827,2639.0,57.603661,-0.305304794,4.451639013,0.5,67.36314111,68.6,581.75,22.94870645,3.4
Vercelli,2.537964004,112.3,24.10546139,10.25942554,47.2,1.4,47.80059019,34.72970428,3.457165244,17.11835109,370.0,83.3,43.33419065,28770.35147,34.06,7.971873595,20727.51198,9.2,587.7035882,8.626825113,10.57,21.22183876,202.9889347,4.844816346,5.9,13.51,101.0,21.8,597.5273493,527.375,0.08183983,3.070560221,0.033033033,0.109224214,409.2043871,2354.1,44.8098,18.54129159,2429.353929,0.645626563,8.4,26.3,10.16813307,8.732631932,24.9,0.6,397.7936458,3.690938714,23.26109971,7.265734792,0.089238845,1.734563877,0.16,63.9,19.69284122,0.476105336,54.00474912,3.035644199,1200.0,60.42463405,362.5301379,430.3624232,573.84635,541.1233114,2.951933124,6.428571429,59.36373823,5.9,0.725,7.63,38.17,18817.73,23011.4,1.17,131.3,3.475109008,-0.1,87.88542303,80.1,5.262320287,2721.0,16.83102047,-0.649334311,1.81356547,0.5,67.04305177,67.3,395.78,25.87532641,0.2
Verona,2.978528411,140.9,23.40936375,10.96250015,82.8,13.9,61.35147853,42.31226911,2.750758708,7.768697732,1070.0,83.5,52.96918218,39787.25858,34.93,7.366356362,21163.83875,6.0,419.5533453,19.31728839,8.38,18.0301998,186.7778597,2.970862775,10.2,35.04,220.46,12.6,780.8945333,721.875,0.074768282,3.203323951,0.049733771,0.127854587,506.559082,2710.2,34.9848,23.05747318,2610.761075,1.372354579,14.7,28.5,5.096005491,8.045183136,30.8,0.5,91.48651965,4.155970018,19.44505584,20.49626643,0.081655704,2.005874502,2.62,71.3,11.99555182,0.435198829,59.99082719,55.55764408,3050.0,69.46871802,443.88659,448.4832504,505.7177803,569.8489374,3.216054416,10.47710126,43.0518844,7.4,0.5,26.01,37.41,19199.99,22591.1,0.86,83.5,3.635512002,2.1,69.2071288,82.6,4.548828516,2900.0,63.23888422,-1.529163346,8.660594296,0.4,64.77982299,73.3,383.41,31.41491828,4.5
Vibo Valentia,0.698215671,70.0,33.90070922,10.06028117,41.3,3.8,38.93860165,0.0,2.662750857,38.44672867,300.0,77.6,37.11535324,20534.76863,19.69,48.31748214,14644.02676,17.7,308.3160746,12.6468217,22.23,17.09439713,224.8281416,5.090553108,7.1,43.18,99.7,36.4,322.2776962,410.5,0.129548039,2.64354747,0.01949246,0.055500284,542.2655398,2903.4,35.6269,7.923641703,3128.978268,0.432827085,15.1,22.8,7.831620166,10.18110622,19.4,0.0,23.59195566,4.498294486,4.137705988,5.270762737,0.172966047,0.978952521,0.51,55.7,0.0,0.344333468,44.6989721,33.57058505,750.0,34.55102925,293.7271154,328.2632532,446.4095792,344.3880688,3.335510372,54.36622427,1.178742524,7.6,0.463,21.59,46.99,16674.59,11757.3,1.27,21.3,3.602545277,-6.1,80.93306619,82.2,1.470469182,1728.0,5.322964863,-0.850104834,2.351097179,0.9,78.24870566,40.0,357.53,14.4509143,0.7
Vicenza,5.049842434,133.7,25.68134172,10.45618566,56.9,8.4,45.40040865,16.02391333,2.423625231,5.78330368,650.0,82.9,48.24319509,36953.75639,24.93,4.889058601,21193.09508,4.9,357.327129,13.65548131,8.93,18.84850284,173.1447096,3.057460262,7.4,27.37,233.43,15.9,727.5602996,682.25,0.067227817,3.254184126,0.0632506,0.093545541,499.5397334,2461.6,34.9722,19.69227838,2010.812321,1.147411432,11.8,31.0,5.644542022,8.443294108,19.8,0.3,244.8240217,3.823911392,21.70326407,19.75695949,0.08182383,1.634565294,1.15,63.6,23.29082757,0.433687319,53.73016032,11.94475784,2050.0,69.00972133,432.5619295,429.2155357,465.9034935,562.6927532,3.083175055,19.02695295,69.82875185,7.1,0.740242884,16.81,25.05,19061.3,24103.6,2.2,80.0,2.978671863,-1.4,75.94208587,82.7,6.461801327,2885.0,23.70769249,-1.763194779,6.030908406,0.6,64.72687346,69.4,474.51,31.82607903,1.7
Viterbo,1.00019676,125.5,24.91620112,10.66451634,46.4,14.7,39.14433958,3.904817283,3.225449119,21.91024781,400.0,75.7,34.31356578,30043.8894,25.62,9.643885047,15542.74535,22.8,2007.330724,0.0,9.81,17.03859136,191.5570937,3.420930884,6.8,20.24,167.65,18.4,485.2965133,398.625,0.08081019,2.826790562,0.030895984,0.079609522,568.4581481,2525.8,38.9311,11.06752592,3009.254438,0.514601711,10.8,29.2,8.470876475,8.568617357,21.4,1.2,33.66885049,4.050950094,18.56750963,9.789212071,0.131514118,1.49869353,0.75,63.4,0.352875411,0.465427261,53.14823382,8.68121179,1000.0,26.76994836,385.1695783,319.2350767,467.3765331,459.4759537,3.267714201,18.5687847,6.407337654,5.8,0.435834044,12.97,75.92,19329.7,16505.8,0.32,25.1,4.00086012,-2.2,76.73120939,82.0,7.28961012,2079.0,61.54895061,-0.885712286,4.229907937,0.9,77.27132975,59.9,385.59,20.43319582,1.9
